Tiempo de ejecuci√≥n (segundos),0.4057

Fecha,Tiempo,Away Team,Home Team,Cuarto,Distancia (yds),Game ID
2009-09-10,05:02,TEN,PIT,1,0,2009091000
2009-09-10,08:25,TEN,PIT,1,0,2009091000
2009-09-10,13:27,TEN,PIT,1,0,2009091000
2009-09-10,11:34,TEN,PIT,1,11,2009091000
2009-09-10,13:13,TEN,PIT,2,0,2009091000
2009-09-10,07:25,TEN,PIT,2,11,2009091000
2009-09-10,01:56,TEN,PIT,3,0,2009091000
2009-09-10,05:18,TEN,PIT,3,0,2009091000
2009-09-10,08:09,TEN,PIT,3,0,2009091000
2009-09-10,10:12,TEN,PIT,3,0,2009091000
2009-09-10,01:57,TEN,PIT,4,0,2009091000
2009-09-10,15:00,TEN,PIT,4,5,2009091000
2009-09-13,01:16,MIA,ATL,1,0,2009091300
2009-09-13,02:49,CHI,GB,1,0,2009091312
2009-09-13,03:01,DET,NO,1,0,2009091307
2009-09-13,03:43,PHI,CAR,1,0,2009091302
2009-09-13,04:28,JAC,IND,1,0,2009091306
2009-09-13,05:04,WAS,NYG,1,0,2009091310
2009-09-13,06:44,STL,SEA,1,0,2009091311
2009-09-13,07:01,MIA,ATL,1,0,2009091300
2009-09-13,07:05,MIN,CLE,1,0,2009091304
2009-09-13,08:44,NYJ,HOU,1,0,2009091305
2009-09-13,08:48,DEN,CIN,1,0,2009091303
2009-09-13,10:20,NYJ,HOU,1,0,2009091305
2009-09-13,10:51,DET,NO,1,0,2009091307
2009-09-13,10:54,CHI,GB,1,0,2009091312
2009-09-13,12:51,DEN,CIN,1,0,2009091303
2009-09-13,09:33,MIN,CLE,1,3,2009091304
2009-09-13,11:58,NYJ,HOU,1,4,2009091305
2009-09-13,13:47,KC,BAL,1,4,2009091301
2009-09-13,07:26,CHI,GB,1,5,2009091312
2009-09-13,09:00,KC,BAL,1,7,2009091301
2009-09-13,00:55,KC,BAL,1,8,2009091301
2009-09-13,10:37,SF,ARI,1,8,2009091309
2009-09-13,08:19,STL,SEA,1,9,2009091311
2009-09-13,00:17,DEN,CIN,1,11,2009091303
2009-09-13,12:56,STL,SEA,1,11,2009091311
2009-09-13,03:49,DET,NO,1,12,2009091307
2009-09-13,12:47,SF,ARI,1,13,2009091309
2009-09-13,01:10,CHI,GB,1,14,2009091312
2009-09-13,07:23,DEN,CIN,1,14,2009091303
2009-09-13,11:43,STL,SEA,1,24,2009091311
2009-09-13,01:25,DET,NO,1,43,2009091307
2009-09-13,00:30,PHI,CAR,2,0,2009091302
2009-09-13,00:50,DET,NO,2,0,2009091307
2009-09-13,00:54,CHI,GB,2,0,2009091312
2009-09-13,01:08,DAL,TB,2,0,2009091308
2009-09-13,01:11,MIN,CLE,2,0,2009091304
2009-09-13,01:52,CHI,GB,2,0,2009091312
2009-09-13,01:55,DEN,CIN,2,0,2009091303
2009-09-13,02:28,DET,NO,2,0,2009091307
2009-09-13,02:30,MIN,CLE,2,0,2009091304
2009-09-13,04:13,MIN,CLE,2,0,2009091304
2009-09-13,06:43,DAL,TB,2,0,2009091308
2009-09-13,07:08,SF,ARI,2,0,2009091309
2009-09-13,08:52,DAL,TB,2,0,2009091308
2009-09-13,10:09,KC,BAL,2,0,2009091301
2009-09-13,10:31,SF,ARI,2,0,2009091309
2009-09-13,11:40,KC,BAL,2,0,2009091301
2009-09-13,12:34,NYJ,HOU,2,0,2009091305
2009-09-13,13:22,CHI,GB,2,0,2009091312
2009-09-13,13:29,NYJ,HOU,2,0,2009091305
2009-09-13,13:29,WAS,NYG,2,0,2009091310
2009-09-13,13:30,KC,BAL,2,0,2009091301
2009-09-13,13:34,NYJ,HOU,2,0,2009091305
2009-09-13,13:42,DEN,CIN,2,0,2009091303
2009-09-13,15:00,CHI,GB,2,0,2009091312
2009-09-13,04:22,STL,SEA,2,3,2009091311
2009-09-13,04:07,MIA,ATL,2,7,2009091300
2009-09-13,08:31,SF,ARI,2,7,2009091309
2009-09-13,12:10,DEN,CIN,2,9,2009091303
2009-09-13,05:31,MIA,ATL,2,11,2009091300
2009-09-13,09:03,DET,NO,2,11,2009091307
2009-09-13,02:15,DAL,TB,2,13,2009091308
2009-09-13,05:19,DEN,CIN,2,13,2009091303
2009-09-13,05:36,SF,ARI,2,14,2009091309
2009-09-13,01:11,NYJ,HOU,2,18,2009091305
2009-09-13,07:56,PHI,CAR,2,21,2009091302
2009-09-13,13:11,MIN,CLE,2,36,2009091304
2009-09-13,01:46,MIN,CLE,2,67,2009091304
2009-09-13,11:14,PHI,CAR,2,85,2009091302
2009-09-13,00:07,STL,SEA,3,0,2009091311
2009-09-13,01:02,NYJ,HOU,3,0,2009091305
2009-09-13,01:29,KC,BAL,3,0,2009091301
2009-09-13,03:08,JAC,IND,3,0,2009091306
2009-09-13,03:09,PHI,CAR,3,0,2009091302
2009-09-13,03:48,DAL,TB,3,0,2009091308
2009-09-13,04:05,JAC,IND,3,0,2009091306
2009-09-13,05:27,NYJ,HOU,3,0,2009091305
2009-09-13,07:55,MIA,ATL,3,0,2009091300
2009-09-13,08:28,SF,ARI,3,0,2009091309
2009-09-13,09:11,STL,SEA,3,0,2009091311
2009-09-13,09:29,DAL,TB,3,0,2009091308
2009-09-13,10:02,WAS,NYG,3,0,2009091310
2009-09-13,10:15,DEN,CIN,3,0,2009091303
2009-09-13,10:38,SF,ARI,3,0,2009091309
2009-09-13,12:22,STL,SEA,3,0,2009091311
2009-09-13,12:40,JAC,IND,3,0,2009091306
2009-09-13,12:48,DAL,TB,3,0,2009091308
2009-09-13,13:29,MIA,ATL,3,0,2009091300
2009-09-13,08:33,DEN,CIN,3,1,2009091303
2009-09-13,04:23,DEN,CIN,3,2,2009091303
2009-09-13,03:26,SF,ARI,3,3,2009091309
2009-09-13,06:11,DAL,TB,3,3,2009091308
2009-09-13,07:43,WAS,NYG,3,4,2009091310
2009-09-13,12:00,MIA,ATL,3,4,2009091300
2009-09-13,04:04,STL,SEA,3,5,2009091311
2009-09-13,05:39,JAC,IND,3,5,2009091306
2009-09-13,12:48,DEN,CIN,3,6,2009091303
2009-09-13,03:55,WAS,NYG,3,9,2009091310
2009-09-13,02:41,DEN,CIN,3,10,2009091303
2009-09-13,08:51,CHI,GB,3,10,2009091312
2009-09-13,06:35,NYJ,HOU,3,12,2009091305
2009-09-13,13:39,SF,ARI,3,12,2009091309
2009-09-13,07:46,DAL,TB,3,14,2009091308
2009-09-13,10:07,MIA,ATL,3,18,2009091300
2009-09-13,04:38,PHI,CAR,3,26,2009091302
2009-09-13,11:55,MIN,CLE,4,-3,2009091304
2009-09-13,01:39,STL,SEA,4,0,2009091311
2009-09-13,03:12,MIN,CLE,4,0,2009091304
2009-09-13,04:31,STL,SEA,4,0,2009091311
2009-09-13,05:25,JAC,IND,4,0,2009091306
2009-09-13,05:42,SF,ARI,4,0,2009091309
2009-09-13,06:29,DEN,CIN,4,0,2009091303
2009-09-13,07:08,JAC,IND,4,0,2009091306
2009-09-13,08:06,STL,SEA,4,0,2009091311
2009-09-13,09:30,WAS,NYG,4,0,2009091310
2009-09-13,09:31,STL,SEA,4,0,2009091311
2009-09-13,13:23,MIN,CLE,4,0,2009091304
2009-09-13,13:32,DEN,CIN,4,0,2009091303
2009-09-13,13:51,PHI,CAR,4,0,2009091302
2009-09-13,14:39,NYJ,HOU,4,0,2009091305
2009-09-13,14:50,CHI,GB,4,0,2009091312
2009-09-13,14:56,KC,BAL,4,0,2009091301
2009-09-13,11:41,MIA,ATL,4,2,2009091300
2009-09-13,00:56,SF,ARI,4,5,2009091309
2009-09-13,12:12,PHI,CAR,4,7,2009091302
2009-09-13,06:21,MIN,CLE,4,18,2009091304
2009-09-13,03:26,SF,ARI,4,27,2009091309
2009-09-14,09:31,SD,OAK,1,0,2009091401
2009-09-14,01:37,BUF,NE,1,5,2009091400
2009-09-14,12:25,BUF,NE,1,10,2009091400
2009-09-14,03:50,SD,OAK,2,-3,2009091401
2009-09-14,13:41,BUF,NE,2,0,2009091400
2009-09-14,03:48,BUF,NE,2,11,2009091400
2009-09-14,02:34,SD,OAK,2,14,2009091401
2009-09-14,01:51,SD,OAK,3,0,2009091401
2009-09-14,06:41,SD,OAK,3,0,2009091401
2009-09-14,13:03,BUF,NE,3,0,2009091400
2009-09-14,04:18,SD,OAK,3,3,2009091401
2009-09-14,03:16,SD,OAK,3,5,2009091401
2009-09-14,09:22,SD,OAK,3,8,2009091401
2009-09-14,08:18,SD,OAK,3,19,2009091401
2009-09-20,03:34,PIT,CHI,1,-1,2009092011
2009-09-20,00:13,NE,NYJ,1,0,2009092005
2009-09-20,00:49,OAK,KC,1,0,2009092004
2009-09-20,01:05,NO,PHI,1,0,2009092006
2009-09-20,03:10,NYG,DAL,1,0,2009092014
2009-09-20,03:11,MIN,DET,1,0,2009092001
2009-09-20,05:22,NO,PHI,1,0,2009092006
2009-09-20,06:42,CAR,ATL,1,0,2009092000
2009-09-20,07:40,CAR,ATL,1,0,2009092000
2009-09-20,08:06,NO,PHI,1,0,2009092006
2009-09-20,08:55,NE,NYJ,1,0,2009092005
2009-09-20,09:49,NE,NYJ,1,0,2009092005
2009-09-20,11:20,STL,WAS,1,0,2009092008
2009-09-20,11:50,BAL,SD,1,0,2009092013
2009-09-20,11:54,NE,NYJ,1,0,2009092005
2009-09-20,12:03,HOU,TEN,1,0,2009092007
2009-09-20,12:39,OAK,KC,1,0,2009092004
2009-09-20,12:50,BAL,SD,1,0,2009092013
2009-09-20,13:09,PIT,CHI,1,0,2009092011
2009-09-20,13:34,TB,BUF,1,0,2009092009
2009-09-20,05:21,NE,NYJ,1,1,2009092005
2009-09-20,13:41,NYG,DAL,1,5,2009092014
2009-09-20,03:00,SEA,SF,1,6,2009092010
2009-09-20,13:42,STL,WAS,1,6,2009092008
2009-09-20,14:20,OAK,KC,1,6,2009092004
2009-09-20,10:20,CLE,DEN,1,7,2009092012
2009-09-20,01:46,CAR,ATL,1,9,2009092000
2009-09-20,13:59,SEA,SF,1,11,2009092010
2009-09-20,13:03,CIN,GB,1,12,2009092002
2009-09-20,11:39,OAK,KC,1,16,2009092004
2009-09-20,01:46,SEA,SF,1,75,2009092010
2009-09-20,15:00,SEA,SF,2,-1,2009092010
2009-09-20,00:34,ARI,JAC,2,0,2009092003
2009-09-20,03:30,TB,BUF,2,0,2009092009
2009-09-20,03:31,OAK,KC,2,0,2009092004
2009-09-20,04:08,CLE,DEN,2,0,2009092012
2009-09-20,05:17,SEA,SF,2,0,2009092010
2009-09-20,05:26,NYG,DAL,2,0,2009092014
2009-09-20,05:55,TB,BUF,2,0,2009092009
2009-09-20,06:28,PIT,CHI,2,0,2009092011
2009-09-20,06:29,SEA,SF,2,0,2009092010
2009-09-20,06:43,BAL,SD,2,0,2009092013
2009-09-20,07:13,HOU,TEN,2,0,2009092007
2009-09-20,08:07,CLE,DEN,2,0,2009092012
2009-09-20,08:11,BAL,SD,2,0,2009092013
2009-09-20,08:34,ARI,JAC,2,0,2009092003
2009-09-20,11:27,MIN,DET,2,0,2009092001
2009-09-20,11:46,OAK,KC,2,0,2009092004
2009-09-20,12:58,MIN,DET,2,0,2009092001
2009-09-20,13:17,ARI,JAC,2,0,2009092003
2009-09-20,13:53,CIN,GB,2,0,2009092002
2009-09-20,01:31,NO,PHI,2,3,2009092006
2009-09-20,01:57,NYG,DAL,2,4,2009092014
2009-09-20,08:42,CIN,GB,2,6,2009092002
2009-09-20,02:39,OAK,KC,2,7,2009092004
2009-09-20,10:08,MIN,DET,2,7,2009092001
2009-09-20,09:50,PIT,CHI,2,8,2009092011
2009-09-20,03:46,NYG,DAL,2,9,2009092014
2009-09-20,14:05,STL,WAS,2,15,2009092008
2009-09-20,14:55,HOU,TEN,2,15,2009092007
2009-09-20,06:30,CLE,DEN,2,17,2009092012
2009-09-20,07:15,TB,BUF,2,19,2009092009
2009-09-20,01:57,NO,PHI,2,31,2009092006
2009-09-20,11:42,CIN,GB,2,60,2009092002
2009-09-20,10:43,NO,PHI,3,-6,2009092006
2009-09-20,07:22,HOU,TEN,3,-2,2009092007
2009-09-20,00:04,HOU,TEN,3,0,2009092007
2009-09-20,00:49,MIN,DET,3,0,2009092001
2009-09-20,02:04,NYG,DAL,3,0,2009092014
2009-09-20,02:07,TB,BUF,3,0,2009092009
2009-09-20,03:09,NE,NYJ,3,0,2009092005
2009-09-20,03:12,MIN,DET,3,0,2009092001
2009-09-20,05:52,OAK,KC,3,0,2009092004
2009-09-20,06:14,NYG,DAL,3,0,2009092014
2009-09-20,07:48,SEA,SF,3,0,2009092010
2009-09-20,08:30,CLE,DEN,3,0,2009092012
2009-09-20,09:23,NYG,DAL,3,0,2009092014
2009-09-20,09:59,TB,BUF,3,0,2009092009
2009-09-20,11:37,TB,BUF,3,0,2009092009
2009-09-20,11:52,HOU,TEN,3,0,2009092007
2009-09-20,11:54,CIN,GB,3,0,2009092002
2009-09-20,12:22,BAL,SD,3,0,2009092013
2009-09-20,12:31,NE,NYJ,3,0,2009092005
2009-09-20,13:10,PIT,CHI,3,0,2009092011
2009-09-20,13:34,ARI,JAC,3,0,2009092003
2009-09-20,14:03,STL,WAS,3,0,2009092008
2009-09-20,10:52,PIT,CHI,3,2,2009092011
2009-09-20,07:20,TB,BUF,3,5,2009092009
2009-09-20,05:07,MIN,DET,3,9,2009092001
2009-09-20,01:11,CLE,DEN,3,10,2009092012
2009-09-20,02:24,PIT,CHI,3,10,2009092011
2009-09-20,04:21,OAK,KC,3,10,2009092004
2009-09-20,11:50,SEA,SF,3,11,2009092010
2009-09-20,14:16,PIT,CHI,3,12,2009092011
2009-09-20,13:06,MIN,DET,3,13,2009092001
2009-09-20,13:22,SEA,SF,3,14,2009092010
2009-09-20,09:02,HOU,TEN,3,15,2009092007
2009-09-20,14:04,HOU,TEN,3,16,2009092007
2009-09-20,02:42,SEA,SF,3,19,2009092010
2009-09-20,07:10,PIT,CHI,3,19,2009092011
2009-09-20,00:31,SEA,SF,4,0,2009092010
2009-09-20,02:59,ARI,JAC,4,0,2009092003
2009-09-20,04:09,CIN,GB,4,0,2009092002
2009-09-20,04:54,BAL,SD,4,0,2009092013
2009-09-20,05:10,NE,NYJ,4,0,2009092005
2009-09-20,07:01,CLE,DEN,4,0,2009092012
2009-09-20,07:23,HOU,TEN,4,0,2009092007
2009-09-20,08:52,HOU,TEN,4,0,2009092007
2009-09-20,09:25,STL,WAS,4,0,2009092008
2009-09-20,09:32,OAK,KC,4,0,2009092004
2009-09-20,09:41,CIN,GB,4,0,2009092002
2009-09-20,10:05,CLE,DEN,4,0,2009092012
2009-09-20,11:57,CIN,GB,4,0,2009092002
2009-09-20,12:28,ARI,JAC,4,0,2009092003
2009-09-20,12:56,NO,PHI,4,0,2009092006
2009-09-20,05:54,SEA,SF,4,1,2009092010
2009-09-20,12:47,OAK,KC,4,1,2009092004
2009-09-20,13:55,NO,PHI,4,1,2009092006
2009-09-20,02:00,NE,NYJ,4,2,2009092005
2009-09-20,08:08,CIN,GB,4,4,2009092002
2009-09-20,05:46,CAR,ATL,4,7,2009092000
2009-09-20,11:15,STL,WAS,4,7,2009092008
2009-09-20,12:35,NYG,DAL,4,7,2009092014
2009-09-20,14:11,HOU,TEN,4,9,2009092007
2009-09-20,00:41,CAR,ATL,4,10,2009092000
2009-09-20,03:49,NE,NYJ,4,11,2009092005
2009-09-20,05:24,SEA,SF,4,11,2009092010
2009-09-20,06:18,ARI,JAC,4,11,2009092003
2009-09-20,10:35,TB,BUF,4,15,2009092009
2009-09-20,06:53,NE,NYJ,4,16,2009092005
2009-09-20,07:13,OAK,KC,4,18,2009092004
2009-09-20,02:52,CIN,GB,4,32,2009092002
2009-09-21,05:54,IND,MIA,1,0,2009092100
2009-09-21,03:18,IND,MIA,2,0,2009092100
2009-09-21,04:51,IND,MIA,2,2,2009092100
2009-09-21,07:20,IND,MIA,3,8,2009092100
2009-09-27,06:13,IND,ARI,1,-7,2009092714
2009-09-27,01:00,SF,MIN,1,0,2009092704
2009-09-27,03:20,JAC,HOU,1,0,2009092703
2009-09-27,04:55,JAC,HOU,1,0,2009092703
2009-09-27,04:56,KC,PHI,1,0,2009092706
2009-09-27,05:26,TEN,NYJ,1,0,2009092711
2009-09-27,05:39,PIT,CIN,1,0,2009092701
2009-09-27,06:37,NO,BUF,1,0,2009092709
2009-09-27,07:06,SF,MIN,1,0,2009092704
2009-09-27,08:09,IND,ARI,1,0,2009092714
2009-09-27,09:24,KC,PHI,1,0,2009092706
2009-09-27,10:26,IND,ARI,1,0,2009092714
2009-09-27,11:00,MIA,SD,1,0,2009092713
2009-09-27,11:18,WAS,DET,1,0,2009092702
2009-09-27,11:27,SF,MIN,1,0,2009092704
2009-09-27,12:02,IND,ARI,1,0,2009092714
2009-09-27,13:30,PIT,CIN,1,0,2009092701
2009-09-27,01:08,TEN,NYJ,1,1,2009092711
2009-09-27,13:34,SF,MIN,1,3,2009092704
2009-09-27,14:26,DEN,OAK,1,4,2009092712
2009-09-27,07:31,CLE,BAL,1,8,2009092700
2009-09-27,13:33,KC,PHI,1,10,2009092706
2009-09-27,02:26,TEN,NYJ,1,12,2009092711
2009-09-27,14:17,IND,ARI,1,12,2009092714
2009-09-27,12:37,SF,MIN,1,13,2009092704
2009-09-27,04:24,NYG,TB,1,20,2009092708
2009-09-27,06:06,NYG,TB,1,20,2009092708
2009-09-27,00:06,SF,MIN,1,32,2009092704
2009-09-27,00:04,KC,PHI,2,-3,2009092706
2009-09-27,03:20,NO,BUF,2,-1,2009092709
2009-09-27,02:00,NO,BUF,2,0,2009092709
2009-09-27,02:02,SF,MIN,2,0,2009092704
2009-09-27,02:04,TEN,NYJ,2,0,2009092711
2009-09-27,03:35,CLE,BAL,2,0,2009092700
2009-09-27,04:32,TEN,NYJ,2,0,2009092711
2009-09-27,06:22,KC,PHI,2,0,2009092706
2009-09-27,06:23,NO,BUF,2,0,2009092709
2009-09-27,06:46,PIT,CIN,2,0,2009092701
2009-09-27,07:12,CHI,SEA,2,0,2009092710
2009-09-27,07:19,MIA,SD,2,0,2009092713
2009-09-27,07:24,ATL,NE,2,0,2009092705
2009-09-27,07:47,TEN,NYJ,2,0,2009092711
2009-09-27,08:06,NO,BUF,2,0,2009092709
2009-09-27,09:14,JAC,HOU,2,0,2009092703
2009-09-27,11:55,NYG,TB,2,0,2009092708
2009-09-27,12:56,GB,STL,2,0,2009092707
2009-09-27,13:08,NYG,TB,2,0,2009092708
2009-09-27,13:20,CLE,BAL,2,0,2009092700
2009-09-27,14:03,WAS,DET,2,0,2009092702
2009-09-27,14:15,ATL,NE,2,0,2009092705
2009-09-27,14:24,CHI,SEA,2,0,2009092710
2009-09-27,14:55,PIT,CIN,2,0,2009092701
2009-09-27,07:19,SF,MIN,2,1,2009092704
2009-09-27,03:52,IND,ARI,2,2,2009092714
2009-09-27,07:03,NYG,TB,2,3,2009092708
2009-09-27,08:27,CHI,SEA,2,6,2009092710
2009-09-27,09:47,NYG,TB,2,8,2009092708
2009-09-27,15:00,KC,PHI,2,8,2009092706
2009-09-27,00:36,NO,BUF,2,9,2009092709
2009-09-27,08:44,NYG,TB,2,9,2009092708
2009-09-27,08:14,JAC,HOU,2,13,2009092703
2009-09-27,08:24,IND,ARI,2,20,2009092714
2009-09-27,07:06,WAS,DET,2,23,2009092702
2009-09-27,00:12,TEN,NYJ,3,0,2009092711
2009-09-27,00:20,WAS,DET,3,0,2009092702
2009-09-27,02:54,WAS,DET,3,0,2009092702
2009-09-27,03:33,KC,PHI,3,0,2009092706
2009-09-27,04:41,IND,ARI,3,0,2009092714
2009-09-27,06:35,NO,BUF,3,0,2009092709
2009-09-27,06:42,GB,STL,3,0,2009092707
2009-09-27,06:53,DEN,OAK,3,0,2009092712
2009-09-27,07:00,ATL,NE,3,0,2009092705
2009-09-27,07:09,TEN,NYJ,3,0,2009092711
2009-09-27,07:53,CHI,SEA,3,0,2009092710
2009-09-27,08:38,TEN,NYJ,3,0,2009092711
2009-09-27,09:17,WAS,DET,3,0,2009092702
2009-09-27,09:38,TEN,NYJ,3,0,2009092711
2009-09-27,09:54,PIT,CIN,3,0,2009092701
2009-09-27,12:37,SF,MIN,3,0,2009092704
2009-09-27,12:47,KC,PHI,3,0,2009092706
2009-09-27,13:14,NO,BUF,3,0,2009092709
2009-09-27,14:05,GB,STL,3,0,2009092707
2009-09-27,12:22,MIA,SD,3,3,2009092713
2009-09-27,01:23,GB,STL,3,6,2009092707
2009-09-27,04:05,NYG,TB,3,7,2009092708
2009-09-27,02:18,SF,MIN,3,8,2009092704
2009-09-27,13:27,NYG,TB,3,8,2009092708
2009-09-27,03:15,GB,STL,3,9,2009092707
2009-09-27,11:25,MIA,SD,3,9,2009092713
2009-09-27,05:18,WAS,DET,3,10,2009092702
2009-09-27,10:30,SF,MIN,3,10,2009092704
2009-09-27,12:41,CLE,BAL,3,11,2009092700
2009-09-27,03:36,TEN,NYJ,3,13,2009092711
2009-09-27,08:08,GB,STL,3,14,2009092707
2009-09-27,13:20,ATL,NE,4,-15,2009092705
2009-09-27,12:55,CHI,SEA,4,-3,2009092710
2009-09-27,00:36,CLE,BAL,4,0,2009092700
2009-09-27,01:12,WAS,DET,4,0,2009092702
2009-09-27,01:36,SF,MIN,4,0,2009092704
2009-09-27,01:45,NO,BUF,4,0,2009092709
2009-09-27,03:00,TEN,NYJ,4,0,2009092711
2009-09-27,04:19,CLE,BAL,4,0,2009092700
2009-09-27,04:52,KC,PHI,4,0,2009092706
2009-09-27,05:38,JAC,HOU,4,0,2009092703
2009-09-27,07:02,ATL,NE,4,0,2009092705
2009-09-27,07:11,JAC,HOU,4,0,2009092703
2009-09-27,07:45,GB,STL,4,0,2009092707
2009-09-27,08:22,DEN,OAK,4,0,2009092712
2009-09-27,08:26,TEN,NYJ,4,0,2009092711
2009-09-27,09:14,WAS,DET,4,0,2009092702
2009-09-27,09:19,DEN,OAK,4,0,2009092712
2009-09-27,09:47,KC,PHI,4,0,2009092706
2009-09-27,10:02,TEN,NYJ,4,0,2009092711
2009-09-27,11:09,WAS,DET,4,0,2009092702
2009-09-27,11:09,NO,BUF,4,0,2009092709
2009-09-27,11:56,JAC,HOU,4,0,2009092703
2009-09-27,12:07,NYG,TB,4,0,2009092708
2009-09-27,12:11,WAS,DET,4,0,2009092702
2009-09-27,12:14,MIA,SD,4,0,2009092713
2009-09-27,12:33,ATL,NE,4,0,2009092705
2009-09-27,12:48,NO,BUF,4,0,2009092709
2009-09-27,12:52,PIT,CIN,4,0,2009092701
2009-09-27,12:56,SF,MIN,4,0,2009092704
2009-09-27,13:38,TEN,NYJ,4,0,2009092711
2009-09-27,15:00,KC,PHI,4,0,2009092706
2009-09-27,07:30,NO,BUF,4,1,2009092709
2009-09-27,11:05,ATL,NE,4,2,2009092705
2009-09-27,15:00,NO,BUF,4,4,2009092709
2009-09-27,02:56,CLE,BAL,4,5,2009092700
2009-09-27,03:37,SF,MIN,4,5,2009092704
2009-09-27,06:02,SF,MIN,4,5,2009092704
2009-09-27,05:37,DEN,OAK,4,7,2009092712
2009-09-27,10:50,GB,STL,4,7,2009092707
2009-09-27,13:45,NO,BUF,4,7,2009092709
2009-09-27,08:52,IND,ARI,4,8,2009092714
2009-09-27,10:24,IND,ARI,4,9,2009092714
2009-09-27,10:52,CHI,SEA,4,9,2009092710
2009-09-27,09:50,NYG,TB,4,12,2009092708
2009-09-27,14:55,MIA,SD,4,12,2009092713
2009-09-27,08:50,CLE,BAL,4,15,2009092700
2009-09-27,10:37,CLE,BAL,4,15,2009092700
2009-09-27,05:26,PIT,CIN,4,17,2009092701
2009-09-27,07:56,DEN,OAK,4,17,2009092712
2009-09-27,11:23,KC,PHI,4,21,2009092706
2009-09-27,07:32,TEN,NYJ,4,37,2009092711
2009-09-28,06:05,CAR,DAL,1,0,2009092800
2009-09-28,03:05,CAR,DAL,1,2,2009092800
2009-09-28,00:42,CAR,DAL,1,9,2009092800
2009-09-28,00:15,CAR,DAL,2,0,2009092800
2009-09-28,03:02,CAR,DAL,2,0,2009092800
2009-09-28,10:41,CAR,DAL,2,0,2009092800
2009-09-28,03:35,CAR,DAL,3,0,2009092800
2009-09-28,07:56,CAR,DAL,3,17,2009092800
2009-09-28,13:36,CAR,DAL,3,27,2009092800
2009-09-28,06:05,CAR,DAL,4,0,2009092800
2009-09-28,10:41,CAR,DAL,4,5,2009092800
2009-10-04,08:22,TB,WAS,1,-1,2009100407
2009-10-04,00:23,NYG,KC,1,0,2009100405
2009-10-04,01:15,SEA,IND,1,0,2009100403
2009-10-04,01:28,SD,PIT,1,0,2009100412
2009-10-04,01:41,TEN,JAC,1,0,2009100404
2009-10-04,02:33,STL,SF,1,0,2009100411
2009-10-04,02:50,BUF,MIA,1,0,2009100408
2009-10-04,03:07,NYJ,NO,1,0,2009100409
2009-10-04,03:48,DET,CHI,1,0,2009100400
2009-10-04,04:50,NYJ,NO,1,0,2009100409
2009-10-04,06:18,BUF,MIA,1,0,2009100408
2009-10-04,07:30,CIN,CLE,1,0,2009100401
2009-10-04,09:32,DAL,DEN,1,0,2009100410
2009-10-04,10:27,NYG,KC,1,0,2009100405
2009-10-04,10:43,STL,SF,1,0,2009100411
2009-10-04,10:49,DAL,DEN,1,0,2009100410
2009-10-04,11:55,SEA,IND,1,0,2009100403
2009-10-04,11:57,OAK,HOU,1,0,2009100402
2009-10-04,14:05,STL,SF,1,0,2009100411
2009-10-04,14:07,TEN,JAC,1,0,2009100404
2009-10-04,09:46,OAK,HOU,1,2,2009100402
2009-10-04,00:32,STL,SF,1,3,2009100411
2009-10-04,05:16,TEN,JAC,1,4,2009100404
2009-10-04,05:19,TB,WAS,1,4,2009100407
2009-10-04,11:32,TB,WAS,1,5,2009100407
2009-10-04,04:35,DAL,DEN,1,10,2009100410
2009-10-04,12:10,BUF,MIA,1,12,2009100408
2009-10-04,10:49,SD,PIT,1,20,2009100412
2009-10-04,06:12,OAK,HOU,1,23,2009100402
2009-10-04,00:42,DET,CHI,1,24,2009100400
2009-10-04,11:10,BUF,MIA,1,31,2009100408
2009-10-04,08:13,TEN,JAC,1,34,2009100404
2009-10-04,00:22,CIN,CLE,2,0,2009100401
2009-10-04,00:36,BUF,MIA,2,0,2009100408
2009-10-04,00:38,SD,PIT,2,0,2009100412
2009-10-04,00:43,NYJ,NO,2,0,2009100409
2009-10-04,01:11,STL,SF,2,0,2009100411
2009-10-04,02:00,NYG,KC,2,0,2009100405
2009-10-04,02:00,DAL,DEN,2,0,2009100410
2009-10-04,04:42,TB,WAS,2,0,2009100407
2009-10-04,04:59,DET,CHI,2,0,2009100400
2009-10-04,05:40,STL,SF,2,0,2009100411
2009-10-04,05:58,NYG,KC,2,0,2009100405
2009-10-04,06:36,DAL,DEN,2,0,2009100410
2009-10-04,06:39,TEN,JAC,2,0,2009100404
2009-10-04,06:43,CIN,CLE,2,0,2009100401
2009-10-04,08:05,BAL,NE,2,0,2009100406
2009-10-04,08:20,STL,SF,2,0,2009100411
2009-10-04,08:28,NYG,KC,2,0,2009100405
2009-10-04,09:36,SEA,IND,2,0,2009100403
2009-10-04,09:49,SD,PIT,2,0,2009100412
2009-10-04,10:32,NYG,KC,2,0,2009100405
2009-10-04,11:51,BAL,NE,2,0,2009100406
2009-10-04,13:32,NYJ,NO,2,0,2009100409
2009-10-04,15:00,SEA,IND,2,0,2009100403
2009-10-04,10:46,CIN,CLE,2,3,2009100401
2009-10-04,05:10,CIN,CLE,2,4,2009100401
2009-10-04,09:08,CIN,CLE,2,5,2009100401
2009-10-04,13:20,DAL,DEN,2,5,2009100410
2009-10-04,00:43,STL,SF,2,6,2009100411
2009-10-04,07:02,BAL,NE,2,9,2009100406
2009-10-04,07:45,SD,PIT,2,9,2009100412
2009-10-04,03:31,BUF,MIA,2,11,2009100408
2009-10-04,10:14,OAK,HOU,2,11,2009100402
2009-10-04,12:45,NYG,KC,2,11,2009100405
2009-10-04,13:41,TB,WAS,2,11,2009100407
2009-10-04,13:54,OAK,HOU,2,13,2009100402
2009-10-04,09:13,DET,CHI,2,25,2009100400
2009-10-04,03:34,CIN,CLE,2,39,2009100401
2009-10-04,00:04,DET,CHI,3,0,2009100400
2009-10-04,00:07,OAK,HOU,3,0,2009100402
2009-10-04,01:31,STL,SF,3,0,2009100411
2009-10-04,02:08,TEN,JAC,3,0,2009100404
2009-10-04,02:55,STL,SF,3,0,2009100411
2009-10-04,03:18,OAK,HOU,3,0,2009100402
2009-10-04,03:53,STL,SF,3,0,2009100411
2009-10-04,06:37,OAK,HOU,3,0,2009100402
2009-10-04,07:06,DET,CHI,3,0,2009100400
2009-10-04,08:40,NYG,KC,3,0,2009100405
2009-10-04,09:08,TB,WAS,3,0,2009100407
2009-10-04,09:09,OAK,HOU,3,0,2009100402
2009-10-04,09:15,DAL,DEN,3,0,2009100410
2009-10-04,10:25,STL,SF,3,0,2009100411
2009-10-04,10:28,NYJ,NO,3,0,2009100409
2009-10-04,10:30,BAL,NE,3,0,2009100406
2009-10-04,10:46,OAK,HOU,3,0,2009100402
2009-10-04,11:58,NYJ,NO,3,0,2009100409
2009-10-04,12:58,SD,PIT,3,0,2009100412
2009-10-04,13:04,NYJ,NO,3,0,2009100409
2009-10-04,02:22,OAK,HOU,3,1,2009100402
2009-10-04,06:13,SEA,IND,3,3,2009100403
2009-10-04,12:49,STL,SF,3,3,2009100411
2009-10-04,01:41,TB,WAS,3,4,2009100407
2009-10-04,06:22,DAL,DEN,3,4,2009100410
2009-10-04,00:35,NYG,KC,3,8,2009100405
2009-10-04,08:41,DET,CHI,3,8,2009100400
2009-10-04,06:39,BAL,NE,3,9,2009100406
2009-10-04,01:11,DET,CHI,3,10,2009100400
2009-10-04,07:26,CIN,CLE,3,10,2009100401
2009-10-04,12:56,OAK,HOU,3,10,2009100402
2009-10-04,12:32,DET,CHI,3,20,2009100400
2009-10-04,02:30,NYJ,NO,3,22,2009100409
2009-10-04,11:15,OAK,HOU,4,-4,2009100402
2009-10-04,12:57,SD,PIT,4,-1,2009100412
2009-10-04,00:19,CIN,CLE,4,0,2009100401
2009-10-04,01:40,OAK,HOU,4,0,2009100402
2009-10-04,01:55,NYJ,NO,4,0,2009100409
2009-10-04,02:00,TB,WAS,4,0,2009100407
2009-10-04,03:39,BAL,NE,4,0,2009100406
2009-10-04,03:48,STL,SF,4,0,2009100411
2009-10-04,04:04,NYG,KC,4,0,2009100405
2009-10-04,07:19,OAK,HOU,4,0,2009100402
2009-10-04,10:21,CIN,CLE,4,0,2009100401
2009-10-04,10:27,TEN,JAC,4,0,2009100404
2009-10-04,11:02,BUF,MIA,4,0,2009100408
2009-10-04,11:25,DAL,DEN,4,0,2009100410
2009-10-04,13:10,NYJ,NO,4,0,2009100409
2009-10-04,13:28,SEA,IND,4,0,2009100403
2009-10-04,13:52,SD,PIT,4,0,2009100412
2009-10-04,14:28,TB,WAS,4,0,2009100407
2009-10-04,15:00,NYJ,NO,4,0,2009100409
2009-10-04,02:00,STL,SF,4,1,2009100411
2009-10-04,14:07,CIN,CLE,4,5,2009100401
2009-10-04,04:20,BUF,MIA,4,8,2009100408
2009-10-04,09:05,TEN,JAC,4,8,2009100404
2009-10-04,08:31,BUF,MIA,4,9,2009100408
2009-10-04,08:38,NYG,KC,4,9,2009100405
2009-10-04,02:57,DAL,DEN,4,13,2009100410
2009-10-04,09:47,DAL,DEN,4,14,2009100410
2009-10-04,13:42,DAL,DEN,4,15,2009100410
2009-10-04,06:05,BUF,MIA,4,16,2009100408
2009-10-04,12:13,SEA,IND,4,22,2009100403
2009-10-04,08:52,CIN,CLE,4,50,2009100401
2009-10-04,03:32,CIN,CLE,5,0,2009100401
2009-10-04,09:10,CIN,CLE,5,0,2009100401
2009-10-04,11:20,CIN,CLE,5,0,2009100401
2009-10-04,12:52,CIN,CLE,5,0,2009100401
2009-10-04,07:35,CIN,CLE,5,10,2009100401
2009-10-04,06:30,CIN,CLE,5,11,2009100401
2009-10-05,01:06,GB,MIN,1,0,2009100500
2009-10-05,03:42,GB,MIN,2,18,2009100500
2009-10-05,03:20,GB,MIN,4,0,2009100500
2009-10-05,05:08,GB,MIN,4,0,2009100500
2009-10-05,09:00,GB,MIN,4,0,2009100500
2009-10-05,13:00,GB,MIN,4,0,2009100500
2009-10-05,11:17,GB,MIN,4,24,2009100500
2009-10-11,10:08,JAC,SEA,1,-1,2009101111
2009-10-11,00:24,DAL,KC,1,0,2009101104
2009-10-11,03:02,WAS,CAR,1,0,2009101102
2009-10-11,04:29,CLE,BUF,1,0,2009101101
2009-10-11,06:04,IND,TEN,1,0,2009101112
2009-10-11,06:44,WAS,CAR,1,0,2009101102
2009-10-11,07:14,HOU,ARI,1,0,2009101109
2009-10-11,07:16,CLE,BUF,1,0,2009101101
2009-10-11,07:29,DAL,KC,1,0,2009101104
2009-10-11,09:25,TB,PHI,1,0,2009101106
2009-10-11,10:00,DAL,KC,1,0,2009101104
2009-10-11,12:13,JAC,SEA,1,0,2009101111
2009-10-11,12:15,IND,TEN,1,0,2009101112
2009-10-11,12:19,CLE,BUF,1,0,2009101101
2009-10-11,13:51,HOU,ARI,1,0,2009101109
2009-10-11,14:03,ATL,SF,1,0,2009101108
2009-10-11,14:05,PIT,DET,1,1,2009101103
2009-10-11,01:44,OAK,NYG,1,2,2009101105
2009-10-11,05:04,OAK,NYG,1,2,2009101105
2009-10-11,09:48,ATL,SF,1,3,2009101108
2009-10-11,12:17,WAS,CAR,1,3,2009101102
2009-10-11,13:08,TB,PHI,1,4,2009101106
2009-10-11,04:37,MIN,STL,1,6,2009101107
2009-10-11,00:22,JAC,SEA,1,7,2009101111
2009-10-11,02:14,TB,PHI,1,9,2009101106
2009-10-11,10:07,WAS,CAR,1,10,2009101102
2009-10-11,00:23,NE,DEN,1,11,2009101110
2009-10-11,08:08,TB,PHI,1,11,2009101106
2009-10-11,06:12,MIN,STL,1,12,2009101107
2009-10-11,10:10,CLE,BUF,1,15,2009101101
2009-10-11,02:29,NE,DEN,1,16,2009101110
2009-10-11,02:58,CLE,BUF,1,22,2009101101
2009-10-11,08:49,DAL,KC,2,-1,2009101104
2009-10-11,14:08,JAC,SEA,2,-1,2009101111
2009-10-11,00:07,DAL,KC,2,0,2009101104
2009-10-11,00:51,OAK,NYG,2,0,2009101105
2009-10-11,01:10,PIT,DET,2,0,2009101103
2009-10-11,01:24,HOU,ARI,2,0,2009101109
2009-10-11,01:30,JAC,SEA,2,0,2009101111
2009-10-11,03:38,OAK,NYG,2,0,2009101105
2009-10-11,04:31,HOU,ARI,2,0,2009101109
2009-10-11,05:37,CIN,BAL,2,0,2009101100
2009-10-11,05:43,DAL,KC,2,0,2009101104
2009-10-11,06:23,WAS,CAR,2,0,2009101102
2009-10-11,06:23,JAC,SEA,2,0,2009101111
2009-10-11,07:34,OAK,NYG,2,0,2009101105
2009-10-11,08:26,CIN,BAL,2,0,2009101100
2009-10-11,08:33,ATL,SF,2,0,2009101108
2009-10-11,09:42,NE,DEN,2,0,2009101110
2009-10-11,11:02,CLE,BUF,2,0,2009101101
2009-10-11,11:52,IND,TEN,2,0,2009101112
2009-10-11,12:56,CLE,BUF,2,0,2009101101
2009-10-11,13:14,JAC,SEA,2,0,2009101111
2009-10-11,13:40,NE,DEN,2,0,2009101110
2009-10-11,15:00,ATL,SF,2,0,2009101108
2009-10-11,04:57,ATL,SF,2,2,2009101108
2009-10-11,09:37,HOU,ARI,2,2,2009101109
2009-10-11,14:51,JAC,SEA,2,2,2009101111
2009-10-11,03:15,JAC,SEA,2,6,2009101111
2009-10-11,06:43,HOU,ARI,2,8,2009101109
2009-10-11,11:43,HOU,ARI,2,9,2009101109
2009-10-11,09:17,PIT,DET,2,11,2009101103
2009-10-11,02:44,CIN,BAL,2,15,2009101100
2009-10-11,10:29,OAK,NYG,2,15,2009101105
2009-10-11,13:44,IND,TEN,2,15,2009101112
2009-10-11,00:02,CLE,BUF,3,-15,2009101101
2009-10-11,09:39,CIN,BAL,3,-1,2009101100
2009-10-11,00:24,DAL,KC,3,0,2009101104
2009-10-11,01:17,IND,TEN,3,0,2009101112
2009-10-11,01:33,NE,DEN,3,0,2009101110
2009-10-11,02:52,ATL,SF,3,0,2009101108
2009-10-11,04:42,IND,TEN,3,0,2009101112
2009-10-11,06:07,MIN,STL,3,0,2009101107
2009-10-11,07:50,MIN,STL,3,0,2009101107
2009-10-11,08:15,CLE,BUF,3,0,2009101101
2009-10-11,09:12,JAC,SEA,3,0,2009101111
2009-10-11,09:40,HOU,ARI,3,0,2009101109
2009-10-11,11:13,WAS,CAR,3,0,2009101102
2009-10-11,11:26,DAL,KC,3,0,2009101104
2009-10-11,11:33,TB,PHI,3,0,2009101106
2009-10-11,12:13,CIN,BAL,3,0,2009101100
2009-10-11,13:04,DAL,KC,3,0,2009101104
2009-10-11,13:10,MIN,STL,3,0,2009101107
2009-10-11,13:57,TB,PHI,3,0,2009101106
2009-10-11,14:02,NE,DEN,3,0,2009101110
2009-10-11,02:04,ATL,SF,3,3,2009101108
2009-10-11,09:29,TB,PHI,3,7,2009101106
2009-10-11,00:44,HOU,ARI,3,8,2009101109
2009-10-11,04:45,CLE,BUF,3,8,2009101101
2009-10-11,05:04,ATL,SF,3,10,2009101108
2009-10-11,07:22,CIN,BAL,3,11,2009101100
2009-10-11,03:12,OAK,NYG,3,14,2009101105
2009-10-11,13:32,OAK,NYG,3,16,2009101105
2009-10-11,13:14,HOU,ARI,3,62,2009101109
2009-10-11,02:07,OAK,NYG,4,-2,2009101105
2009-10-11,04:00,NE,DEN,4,-1,2009101110
2009-10-11,00:15,NE,DEN,4,0,2009101110
2009-10-11,01:06,IND,TEN,4,0,2009101112
2009-10-11,01:49,TB,PHI,4,0,2009101106
2009-10-11,02:22,CIN,BAL,4,0,2009101100
2009-10-11,03:10,CLE,BUF,4,0,2009101101
2009-10-11,04:14,CLE,BUF,4,0,2009101101
2009-10-11,05:16,WAS,CAR,4,0,2009101102
2009-10-11,05:36,CIN,BAL,4,0,2009101100
2009-10-11,05:50,TB,PHI,4,0,2009101106
2009-10-11,05:58,IND,TEN,4,0,2009101112
2009-10-11,06:02,HOU,ARI,4,0,2009101109
2009-10-11,07:24,CLE,BUF,4,0,2009101101
2009-10-11,10:10,NE,DEN,4,0,2009101110
2009-10-11,10:15,WAS,CAR,4,0,2009101102
2009-10-11,11:02,CLE,BUF,4,0,2009101101
2009-10-11,12:05,JAC,SEA,4,0,2009101111
2009-10-11,12:29,CLE,BUF,4,0,2009101101
2009-10-11,13:59,CIN,BAL,4,0,2009101100
2009-10-11,14:00,CLE,BUF,4,0,2009101101
2009-10-11,08:44,OAK,NYG,4,1,2009101105
2009-10-11,00:39,ATL,SF,4,2,2009101108
2009-10-11,10:26,CIN,BAL,4,3,2009101100
2009-10-11,03:17,PIT,DET,4,4,2009101103
2009-10-11,12:22,WAS,CAR,4,4,2009101102
2009-10-11,02:40,NE,DEN,4,6,2009101110
2009-10-11,08:06,PIT,DET,4,7,2009101103
2009-10-11,12:04,PIT,DET,4,9,2009101103
2009-10-11,11:23,HOU,ARI,4,13,2009101109
2009-10-11,10:08,PIT,DET,4,14,2009101103
2009-10-11,10:10,DAL,KC,5,0,2009101104
2009-10-11,12:10,DAL,KC,5,0,2009101104
2009-10-11,11:11,DAL,KC,5,7,2009101104
2009-10-12,10:40,NYJ,MIA,2,0,2009101200
2009-10-12,08:21,NYJ,MIA,2,9,2009101200
2009-10-12,01:13,NYJ,MIA,2,10,2009101200
2009-10-12,10:23,NYJ,MIA,3,0,2009101200
2009-10-12,12:23,NYJ,MIA,3,0,2009101200
2009-10-12,08:08,NYJ,MIA,3,9,2009101200
2009-10-12,08:54,NYJ,MIA,4,0,2009101200
2009-10-12,07:06,NYJ,MIA,4,10,2009101200
2009-10-18,01:56,DET,GB,1,0,2009101801
2009-10-18,02:32,CHI,ATL,1,0,2009101812
2009-10-18,03:42,BAL,MIN,1,0,2009101803
2009-10-18,03:47,STL,JAC,1,0,2009101802
2009-10-18,05:04,TEN,NE,1,0,2009101810
2009-10-18,05:08,NYG,NO,1,0,2009101804
2009-10-18,05:10,CHI,ATL,1,0,2009101812
2009-10-18,05:35,PHI,OAK,1,0,2009101808
2009-10-18,06:22,CLE,PIT,1,0,2009101805
2009-10-18,06:32,HOU,CIN,1,0,2009101800
2009-10-18,07:13,CAR,TB,1,0,2009101806
2009-10-18,07:40,KC,WAS,1,0,2009101807
2009-10-18,07:46,PHI,OAK,1,0,2009101808
2009-10-18,08:46,KC,WAS,1,0,2009101807
2009-10-18,09:39,CLE,PIT,1,0,2009101805
2009-10-18,10:21,PHI,OAK,1,0,2009101808
2009-10-18,11:02,HOU,CIN,1,0,2009101800
2009-10-18,12:03,CLE,PIT,1,0,2009101805
2009-10-18,14:00,BUF,NYJ,1,0,2009101811
2009-10-18,14:10,KC,WAS,1,0,2009101807
2009-10-18,06:07,DET,GB,1,1,2009101801
2009-10-18,08:27,TEN,NE,1,1,2009101810
2009-10-18,12:16,PHI,OAK,1,1,2009101808
2009-10-18,13:25,CAR,TB,1,6,2009101806
2009-10-18,05:21,BAL,MIN,1,8,2009101803
2009-10-18,05:52,STL,JAC,1,11,2009101802
2009-10-18,09:48,BAL,MIN,1,13,2009101803
2009-10-18,13:33,PHI,OAK,1,14,2009101808
2009-10-18,14:03,CHI,ATL,1,19,2009101812
2009-10-18,07:28,CLE,PIT,1,26,2009101805
2009-10-18,00:50,CHI,ATL,1,33,2009101812
2009-10-18,13:36,TEN,NE,1,35,2009101810
2009-10-18,06:42,BAL,MIN,2,-2,2009101803
2009-10-18,00:20,CAR,TB,2,0,2009101806
2009-10-18,00:49,ARI,SEA,2,0,2009101809
2009-10-18,01:05,CAR,TB,2,0,2009101806
2009-10-18,01:13,BUF,NYJ,2,0,2009101811
2009-10-18,01:22,TEN,NE,2,0,2009101810
2009-10-18,01:39,BUF,NYJ,2,0,2009101811
2009-10-18,01:59,BAL,MIN,2,0,2009101803
2009-10-18,02:22,KC,WAS,2,0,2009101807
2009-10-18,02:24,HOU,CIN,2,0,2009101800
2009-10-18,02:31,BUF,NYJ,2,0,2009101811
2009-10-18,03:32,HOU,CIN,2,0,2009101800
2009-10-18,03:53,PHI,OAK,2,0,2009101808
2009-10-18,04:45,HOU,CIN,2,0,2009101800
2009-10-18,04:48,BUF,NYJ,2,0,2009101811
2009-10-18,07:08,STL,JAC,2,0,2009101802
2009-10-18,07:31,CLE,PIT,2,0,2009101805
2009-10-18,08:15,BUF,NYJ,2,0,2009101811
2009-10-18,08:38,CAR,TB,2,0,2009101806
2009-10-18,09:52,BAL,MIN,2,0,2009101803
2009-10-18,10:33,KC,WAS,2,0,2009101807
2009-10-18,10:35,DET,GB,2,0,2009101801
2009-10-18,11:07,STL,JAC,2,0,2009101802
2009-10-18,11:15,ARI,SEA,2,0,2009101809
2009-10-18,12:18,CHI,ATL,2,0,2009101812
2009-10-18,12:27,DET,GB,2,0,2009101801
2009-10-18,12:37,BUF,NYJ,2,0,2009101811
2009-10-18,13:34,BUF,NYJ,2,0,2009101811
2009-10-18,14:16,KC,WAS,2,0,2009101807
2009-10-18,14:51,PHI,OAK,2,0,2009101808
2009-10-18,15:00,BAL,MIN,2,2,2009101803
2009-10-18,04:53,TEN,NE,2,3,2009101810
2009-10-18,12:46,BAL,MIN,2,3,2009101803
2009-10-18,03:48,KC,WAS,2,10,2009101807
2009-10-18,03:34,BAL,MIN,2,11,2009101803
2009-10-18,11:37,KC,WAS,2,11,2009101807
2009-10-18,08:19,ARI,SEA,2,13,2009101809
2009-10-18,05:23,CHI,ATL,2,20,2009101812
2009-10-18,06:26,HOU,CIN,2,30,2009101800
2009-10-18,05:31,DET,GB,2,45,2009101801
2009-10-18,02:47,NYG,NO,3,-2,2009101804
2009-10-18,00:07,HOU,CIN,3,0,2009101800
2009-10-18,01:00,BAL,MIN,3,0,2009101803
2009-10-18,01:11,ARI,SEA,3,0,2009101809
2009-10-18,02:34,PHI,OAK,3,0,2009101808
2009-10-18,02:40,STL,JAC,3,0,2009101802
2009-10-18,04:05,STL,JAC,3,0,2009101802
2009-10-18,06:49,HOU,CIN,3,0,2009101800
2009-10-18,07:01,PHI,OAK,3,0,2009101808
2009-10-18,07:12,KC,WAS,3,0,2009101807
2009-10-18,08:07,HOU,CIN,3,0,2009101800
2009-10-18,08:24,CHI,ATL,3,0,2009101812
2009-10-18,10:04,ARI,SEA,3,0,2009101809
2009-10-18,10:39,STL,JAC,3,0,2009101802
2009-10-18,10:53,ARI,SEA,3,0,2009101809
2009-10-18,11:30,CHI,ATL,3,0,2009101812
2009-10-18,12:30,STL,JAC,3,0,2009101802
2009-10-18,13:13,DET,GB,3,0,2009101801
2009-10-18,06:59,CLE,PIT,3,1,2009101805
2009-10-18,13:03,BAL,MIN,3,1,2009101803
2009-10-18,13:22,BUF,NYJ,3,1,2009101811
2009-10-18,07:26,CHI,ATL,3,2,2009101812
2009-10-18,13:20,NYG,NO,3,2,2009101804
2009-10-18,13:16,ARI,SEA,3,4,2009101809
2009-10-18,01:36,HOU,CIN,3,5,2009101800
2009-10-18,06:10,ARI,SEA,3,5,2009101809
2009-10-18,03:28,PHI,OAK,3,11,2009101808
2009-10-18,12:14,NYG,NO,3,27,2009101804
2009-10-18,05:48,CAR,TB,3,34,2009101806
2009-10-18,05:24,ARI,SEA,3,36,2009101809
2009-10-18,01:11,ARI,SEA,4,0,2009101809
2009-10-18,01:13,NYG,NO,4,0,2009101804
2009-10-18,02:44,TEN,NE,4,0,2009101810
2009-10-18,03:44,HOU,CIN,4,0,2009101800
2009-10-18,03:49,PHI,OAK,4,0,2009101808
2009-10-18,04:12,TEN,NE,4,0,2009101810
2009-10-18,05:44,ARI,SEA,4,0,2009101809
2009-10-18,06:04,NYG,NO,4,0,2009101804
2009-10-18,07:13,ARI,SEA,4,0,2009101809
2009-10-18,07:53,KC,WAS,4,0,2009101807
2009-10-18,09:17,BUF,NYJ,4,0,2009101811
2009-10-18,10:03,KC,WAS,4,0,2009101807
2009-10-18,12:00,CLE,PIT,4,0,2009101805
2009-10-18,12:27,CAR,TB,4,0,2009101806
2009-10-18,13:34,PHI,OAK,4,0,2009101808
2009-10-18,13:38,KC,WAS,4,0,2009101807
2009-10-18,14:30,DET,GB,4,0,2009101801
2009-10-18,15:00,NYG,NO,4,0,2009101804
2009-10-18,07:06,STL,JAC,4,2,2009101802
2009-10-18,09:10,PHI,OAK,4,2,2009101808
2009-10-18,06:06,KC,WAS,4,5,2009101807
2009-10-18,14:24,STL,JAC,4,6,2009101802
2009-10-18,12:07,KC,WAS,4,8,2009101807
2009-10-18,14:36,PHI,OAK,4,8,2009101808
2009-10-18,03:47,BAL,MIN,4,9,2009101803
2009-10-18,08:00,PHI,OAK,4,10,2009101808
2009-10-18,11:08,ARI,SEA,4,10,2009101809
2009-10-18,13:30,HOU,CIN,4,12,2009101800
2009-10-18,02:06,KC,WAS,4,17,2009101807
2009-10-18,04:27,NYG,NO,4,24,2009101804
2009-10-18,09:37,ARI,SEA,4,24,2009101809
2009-10-18,04:12,BUF,NYJ,4,27,2009101811
2009-10-18,09:36,BUF,NYJ,5,-2,2009101811
2009-10-18,07:59,BUF,NYJ,5,0,2009101811
2009-10-19,10:59,DEN,SD,1,0,2009101900
2009-10-19,14:13,DEN,SD,1,1,2009101900
2009-10-19,06:11,DEN,SD,2,71,2009101900
2009-10-19,01:20,DEN,SD,2,77,2009101900
2009-10-19,12:42,DEN,SD,3,0,2009101900
2009-10-19,08:00,DEN,SD,4,0,2009101900
2009-10-19,11:49,DEN,SD,4,5,2009101900
2009-10-25,05:37,BUF,CAR,1,-2,2009102507
2009-10-25,00:14,IND,STL,1,0,2009102505
2009-10-25,00:27,SD,KC,1,0,2009102503
2009-10-25,00:36,ARI,NYG,1,0,2009102511
2009-10-25,02:13,ATL,DAL,1,0,2009102509
2009-10-25,04:34,MIN,PIT,1,0,2009102504
2009-10-25,05:09,NE,TB,1,0,2009102506
2009-10-25,05:26,CHI,CIN,1,0,2009102500
2009-10-25,06:31,BUF,CAR,1,0,2009102507
2009-10-25,08:08,SF,HOU,1,0,2009102502
2009-10-25,08:17,MIN,PIT,1,0,2009102504
2009-10-25,08:26,NO,MIA,1,0,2009102510
2009-10-25,08:50,NYJ,OAK,1,0,2009102508
2009-10-25,08:55,ARI,NYG,1,0,2009102511
2009-10-25,09:52,MIN,PIT,1,0,2009102504
2009-10-25,10:30,ARI,NYG,1,0,2009102511
2009-10-25,11:16,SF,HOU,1,0,2009102502
2009-10-25,11:20,MIN,PIT,1,0,2009102504
2009-10-25,11:35,NYJ,OAK,1,0,2009102508
2009-10-25,12:40,SD,KC,1,0,2009102503
2009-10-25,12:54,SF,HOU,1,0,2009102502
2009-10-25,13:30,BUF,CAR,1,0,2009102507
2009-10-25,12:53,GB,CLE,1,2,2009102501
2009-10-25,12:08,BUF,CAR,1,3,2009102507
2009-10-25,13:44,MIN,PIT,1,5,2009102504
2009-10-25,05:25,ATL,DAL,1,10,2009102509
2009-10-25,05:47,ARI,NYG,1,11,2009102511
2009-10-25,04:06,ATL,DAL,1,12,2009102509
2009-10-25,06:49,SF,HOU,1,12,2009102502
2009-10-25,03:57,NO,MIA,1,14,2009102510
2009-10-25,12:36,NO,MIA,1,14,2009102510
2009-10-25,06:52,NE,TB,1,15,2009102506
2009-10-25,14:12,SD,KC,1,17,2009102503
2009-10-25,01:10,NE,TB,1,24,2009102506
2009-10-25,01:00,SF,HOU,1,68,2009102502
2009-10-25,02:31,NO,MIA,2,-2,2009102510
2009-10-25,00:47,IND,STL,2,0,2009102505
2009-10-25,01:46,MIN,PIT,2,0,2009102504
2009-10-25,03:17,NE,TB,2,0,2009102506
2009-10-25,05:27,NYJ,OAK,2,0,2009102508
2009-10-25,06:39,NE,TB,2,0,2009102506
2009-10-25,07:13,SD,KC,2,0,2009102503
2009-10-25,07:36,ARI,NYG,2,0,2009102511
2009-10-25,07:51,IND,STL,2,0,2009102505
2009-10-25,08:38,ARI,NYG,2,0,2009102511
2009-10-25,09:23,BUF,CAR,2,0,2009102507
2009-10-25,10:12,ARI,NYG,2,0,2009102511
2009-10-25,10:42,MIN,PIT,2,0,2009102504
2009-10-25,11:32,SF,HOU,2,0,2009102502
2009-10-25,11:33,NYJ,OAK,2,0,2009102508
2009-10-25,12:04,ARI,NYG,2,0,2009102511
2009-10-25,12:39,IND,STL,2,0,2009102505
2009-10-25,13:52,NYJ,OAK,2,0,2009102508
2009-10-25,14:27,CHI,CIN,2,0,2009102500
2009-10-25,15:00,ATL,DAL,2,0,2009102509
2009-10-25,04:20,ATL,DAL,2,2,2009102509
2009-10-25,13:03,BUF,CAR,2,2,2009102507
2009-10-25,03:34,MIN,PIT,2,3,2009102504
2009-10-25,04:24,NO,MIA,2,3,2009102510
2009-10-25,12:29,NE,TB,2,3,2009102506
2009-10-25,05:34,BUF,CAR,2,4,2009102507
2009-10-25,06:57,SF,HOU,2,4,2009102502
2009-10-25,01:51,BUF,CAR,2,5,2009102507
2009-10-25,09:14,GB,CLE,2,6,2009102501
2009-10-25,00:24,NE,TB,2,8,2009102506
2009-10-25,14:19,IND,STL,2,10,2009102505
2009-10-25,05:53,IND,STL,2,11,2009102505
2009-10-25,09:53,NE,TB,2,11,2009102506
2009-10-25,12:27,MIN,PIT,2,11,2009102504
2009-10-25,01:04,ATL,DAL,3,-11,2009102509
2009-10-25,12:07,ATL,DAL,3,-1,2009102509
2009-10-25,13:45,NYJ,OAK,3,-1,2009102508
2009-10-25,00:37,NE,TB,3,0,2009102506
2009-10-25,01:02,MIN,PIT,3,0,2009102504
2009-10-25,01:47,IND,STL,3,0,2009102505
2009-10-25,02:42,NE,TB,3,0,2009102506
2009-10-25,02:53,SD,KC,3,0,2009102503
2009-10-25,03:05,MIN,PIT,3,0,2009102504
2009-10-25,06:18,ARI,NYG,3,0,2009102511
2009-10-25,06:48,NE,TB,3,0,2009102506
2009-10-25,07:57,NE,TB,3,0,2009102506
2009-10-25,08:03,SF,HOU,3,0,2009102502
2009-10-25,08:15,SD,KC,3,0,2009102503
2009-10-25,08:43,ARI,NYG,3,0,2009102511
2009-10-25,09:27,BUF,CAR,3,0,2009102507
2009-10-25,11:22,IND,STL,3,0,2009102505
2009-10-25,12:56,BUF,CAR,3,0,2009102507
2009-10-25,08:23,NO,MIA,3,1,2009102510
2009-10-25,14:10,ARI,NYG,3,1,2009102511
2009-10-25,03:40,NYJ,OAK,3,4,2009102508
2009-10-25,01:47,NE,TB,3,6,2009102506
2009-10-25,09:13,IND,STL,3,6,2009102505
2009-10-25,12:40,NO,MIA,3,6,2009102510
2009-10-25,03:13,BUF,CAR,3,7,2009102507
2009-10-25,05:40,SF,HOU,3,10,2009102502
2009-10-25,11:00,BUF,CAR,3,10,2009102507
2009-10-25,07:23,SD,KC,3,18,2009102503
2009-10-25,06:01,GB,CLE,4,-2,2009102501
2009-10-25,00:35,GB,CLE,4,0,2009102501
2009-10-25,00:39,CHI,CIN,4,0,2009102500
2009-10-25,01:50,SF,HOU,4,0,2009102502
2009-10-25,01:54,SD,KC,4,0,2009102503
2009-10-25,02:00,NE,TB,4,0,2009102506
2009-10-25,02:14,CHI,CIN,4,0,2009102500
2009-10-25,03:00,ARI,NYG,4,0,2009102511
2009-10-25,04:58,ARI,NYG,4,0,2009102511
2009-10-25,05:00,SD,KC,4,0,2009102503
2009-10-25,05:25,BUF,CAR,4,0,2009102507
2009-10-25,09:04,GB,CLE,4,0,2009102501
2009-10-25,09:21,SD,KC,4,0,2009102503
2009-10-25,11:04,NYJ,OAK,4,0,2009102508
2009-10-25,14:50,ARI,NYG,4,0,2009102511
2009-10-25,12:40,BUF,CAR,4,3,2009102507
2009-10-25,13:05,NO,MIA,4,4,2009102510
2009-10-25,03:31,MIN,PIT,4,5,2009102504
2009-10-25,07:25,GB,CLE,4,9,2009102501
2009-10-25,08:15,NO,MIA,4,9,2009102510
2009-10-25,06:46,NE,TB,4,15,2009102506
2009-10-25,13:27,ARI,NYG,4,16,2009102511
2009-10-25,08:55,ATL,DAL,4,73,2009102509
2009-10-26,10:55,PHI,WAS,1,-1,2009102600
2009-10-26,01:53,PHI,WAS,1,0,2009102600
2009-10-26,06:00,PHI,WAS,1,0,2009102600
2009-10-26,04:14,PHI,WAS,1,29,2009102600
2009-10-26,03:03,PHI,WAS,2,0,2009102600
2009-10-26,05:55,PHI,WAS,2,0,2009102600
2009-10-26,09:58,PHI,WAS,3,-1,2009102600
2009-10-26,03:51,PHI,WAS,3,0,2009102600
2009-10-26,11:57,PHI,WAS,3,0,2009102600
2009-10-26,00:38,PHI,WAS,3,1,2009102600
2009-10-26,07:58,PHI,WAS,3,3,2009102600
2009-10-26,04:07,PHI,WAS,4,0,2009102600
2009-10-26,13:14,PHI,WAS,4,0,2009102600
2009-10-26,14:50,PHI,WAS,4,0,2009102600
2009-10-26,09:48,PHI,WAS,4,11,2009102600
2009-11-01,07:38,CLE,CHI,1,-2,2009110102
2009-11-01,00:54,JAC,TEN,1,0,2009110109
2009-11-01,02:53,MIA,NYJ,1,0,2009110107
2009-11-01,04:50,DEN,BAL,1,0,2009110100
2009-11-01,06:51,NYG,PHI,1,0,2009110111
2009-11-01,06:51,JAC,TEN,1,0,2009110109
2009-11-01,06:54,OAK,SD,1,0,2009110108
2009-11-01,08:22,HOU,BUF,1,0,2009110101
2009-11-01,08:23,MIN,GB,1,0,2009110105
2009-11-01,08:26,MIA,NYJ,1,0,2009110107
2009-11-01,09:10,DEN,BAL,1,0,2009110100
2009-11-01,09:38,CLE,CHI,1,0,2009110102
2009-11-01,09:40,SF,IND,1,0,2009110106
2009-11-01,11:08,CLE,CHI,1,0,2009110102
2009-11-01,12:01,CLE,CHI,1,0,2009110102
2009-11-01,13:07,DEN,BAL,1,0,2009110100
2009-11-01,13:36,SF,IND,1,0,2009110106
2009-11-01,13:06,SEA,DAL,1,1,2009110103
2009-11-01,07:20,MIN,GB,1,2,2009110105
2009-11-01,09:44,OAK,SD,1,2,2009110108
2009-11-01,11:43,MIN,GB,1,3,2009110105
2009-11-01,08:02,SF,IND,1,5,2009110106
2009-11-01,10:49,DEN,BAL,1,7,2009110100
2009-11-01,01:48,MIA,NYJ,1,8,2009110107
2009-11-01,11:01,MIA,NYJ,1,8,2009110107
2009-11-01,12:15,SF,IND,1,8,2009110106
2009-11-01,04:53,OAK,SD,1,9,2009110108
2009-11-01,13:02,MIA,NYJ,1,9,2009110107
2009-11-01,09:56,HOU,BUF,1,11,2009110101
2009-11-01,10:01,STL,DET,1,12,2009110104
2009-11-01,06:58,MIA,NYJ,1,13,2009110107
2009-11-01,03:38,HOU,BUF,1,14,2009110101
2009-11-01,13:43,CLE,CHI,1,32,2009110102
2009-11-01,06:28,HOU,BUF,1,70,2009110101
2009-11-01,01:57,SF,IND,2,-1,2009110106
2009-11-01,01:18,MIA,NYJ,2,0,2009110107
2009-11-01,02:00,CAR,ARI,2,0,2009110110
2009-11-01,03:12,STL,DET,2,0,2009110104
2009-11-01,03:48,JAC,TEN,2,0,2009110109
2009-11-01,04:37,OAK,SD,2,0,2009110108
2009-11-01,05:35,MIA,NYJ,2,0,2009110107
2009-11-01,07:07,CLE,CHI,2,0,2009110102
2009-11-01,07:12,MIA,NYJ,2,0,2009110107
2009-11-01,08:02,STL,DET,2,0,2009110104
2009-11-01,09:19,MIA,NYJ,2,0,2009110107
2009-11-01,10:44,HOU,BUF,2,0,2009110101
2009-11-01,10:54,NYG,PHI,2,0,2009110111
2009-11-01,11:01,DEN,BAL,2,0,2009110100
2009-11-01,12:49,DEN,BAL,2,0,2009110100
2009-11-01,13:23,CAR,ARI,2,0,2009110110
2009-11-01,14:19,DEN,BAL,2,0,2009110100
2009-11-01,07:53,NYG,PHI,2,2,2009110111
2009-11-01,14:01,JAC,TEN,2,2,2009110109
2009-11-01,00:37,DEN,BAL,2,3,2009110100
2009-11-01,09:19,MIN,GB,2,3,2009110105
2009-11-01,11:39,CAR,ARI,2,3,2009110110
2009-11-01,04:32,SF,IND,2,4,2009110106
2009-11-01,00:26,JAC,TEN,2,6,2009110109
2009-11-01,08:32,SF,IND,2,7,2009110106
2009-11-01,12:40,SF,IND,2,7,2009110106
2009-11-01,09:49,CAR,ARI,2,8,2009110110
2009-11-01,02:31,MIN,GB,2,9,2009110105
2009-11-01,04:19,MIA,NYJ,2,10,2009110107
2009-11-01,04:06,SEA,DAL,2,11,2009110103
2009-11-01,06:37,SF,IND,2,12,2009110106
2009-11-01,10:44,SF,IND,2,12,2009110106
2009-11-01,04:42,STL,DET,2,15,2009110104
2009-11-01,14:33,MIN,GB,2,20,2009110105
2009-11-01,00:11,NYG,PHI,2,30,2009110111
2009-11-01,05:23,HOU,BUF,3,-3,2009110101
2009-11-01,01:07,JAC,TEN,3,0,2009110109
2009-11-01,03:33,DEN,BAL,3,0,2009110100
2009-11-01,04:33,CLE,CHI,3,0,2009110102
2009-11-01,06:00,MIA,NYJ,3,0,2009110107
2009-11-01,06:37,OAK,SD,3,0,2009110108
2009-11-01,08:31,CLE,CHI,3,0,2009110102
2009-11-01,08:56,STL,DET,3,0,2009110104
2009-11-01,10:34,SEA,DAL,3,0,2009110103
2009-11-01,12:02,STL,DET,3,0,2009110104
2009-11-01,13:01,CLE,CHI,3,0,2009110102
2009-11-01,13:28,HOU,BUF,3,0,2009110101
2009-11-01,04:55,SF,IND,3,3,2009110106
2009-11-01,08:55,JAC,TEN,3,3,2009110109
2009-11-01,09:28,SEA,DAL,3,4,2009110103
2009-11-01,04:17,OAK,SD,3,6,2009110108
2009-11-01,05:14,CAR,ARI,3,6,2009110110
2009-11-01,03:14,SF,IND,3,7,2009110106
2009-11-01,06:53,CLE,CHI,3,7,2009110102
2009-11-01,06:09,MIN,GB,3,8,2009110105
2009-11-01,07:29,STL,DET,3,8,2009110104
2009-11-01,10:32,STL,DET,3,8,2009110104
2009-11-01,13:46,OAK,SD,3,9,2009110108
2009-11-01,13:45,MIA,NYJ,3,11,2009110107
2009-11-01,12:48,CAR,ARI,3,14,2009110110
2009-11-01,03:37,CAR,ARI,3,18,2009110110
2009-11-01,14:44,CAR,ARI,3,19,2009110110
2009-11-01,08:42,SEA,DAL,3,23,2009110103
2009-11-01,01:30,SEA,DAL,3,82,2009110103
2009-11-01,02:38,STL,DET,4,-2,2009110104
2009-11-01,08:55,DEN,BAL,4,-2,2009110100
2009-11-01,00:56,NYG,PHI,4,0,2009110111
2009-11-01,01:12,JAC,TEN,4,0,2009110109
2009-11-01,02:29,JAC,TEN,4,0,2009110109
2009-11-01,04:09,STL,DET,4,0,2009110104
2009-11-01,04:14,SEA,DAL,4,0,2009110103
2009-11-01,05:57,SF,IND,4,0,2009110106
2009-11-01,07:03,STL,DET,4,0,2009110104
2009-11-01,08:22,MIN,GB,4,0,2009110105
2009-11-01,09:39,SEA,DAL,4,0,2009110103
2009-11-01,10:17,STL,DET,4,0,2009110104
2009-11-01,10:18,JAC,TEN,4,0,2009110109
2009-11-01,10:59,DEN,BAL,4,0,2009110100
2009-11-01,11:23,SF,IND,4,0,2009110106
2009-11-01,14:11,CAR,ARI,4,0,2009110110
2009-11-01,15:00,SEA,DAL,4,0,2009110103
2009-11-01,07:50,CAR,ARI,4,1,2009110110
2009-11-01,08:47,SF,IND,4,3,2009110106
2009-11-01,08:14,JAC,TEN,4,4,2009110109
2009-11-01,00:15,SEA,DAL,4,5,2009110103
2009-11-01,03:51,MIA,NYJ,4,5,2009110107
2009-11-01,04:59,NYG,PHI,4,8,2009110111
2009-11-01,07:16,DEN,BAL,4,14,2009110100
2009-11-01,02:50,CLE,CHI,4,69,2009110102
2009-11-02,02:32,ATL,NO,1,0,2009110200
2009-11-02,02:59,ATL,NO,2,10,2009110200
2009-11-02,03:25,ATL,NO,3,0,2009110200
2009-11-02,06:28,ATL,NO,3,0,2009110200
2009-11-02,14:02,ATL,NO,3,9,2009110200
2009-11-08,12:26,TEN,SF,1,-1,2009110810
2009-11-08,00:08,MIA,NE,1,0,2009110805
2009-11-08,00:19,DAL,PHI,1,0,2009110811
2009-11-08,01:47,HOU,IND,1,0,2009110803
2009-11-08,02:21,TEN,SF,1,0,2009110810
2009-11-08,02:25,DAL,PHI,1,0,2009110811
2009-11-08,03:08,SD,NYG,1,0,2009110809
2009-11-08,03:44,KC,JAC,1,0,2009110804
2009-11-08,03:59,TEN,SF,1,0,2009110810
2009-11-08,04:11,MIA,NE,1,0,2009110805
2009-11-08,05:10,DAL,PHI,1,0,2009110811
2009-11-08,05:19,SD,NYG,1,0,2009110809
2009-11-08,07:16,BAL,CIN,1,0,2009110802
2009-11-08,07:55,CAR,NO,1,0,2009110807
2009-11-08,11:07,HOU,IND,1,0,2009110803
2009-11-08,12:23,CAR,NO,1,0,2009110807
2009-11-08,12:29,DAL,PHI,1,0,2009110811
2009-11-08,12:57,KC,JAC,1,0,2009110804
2009-11-08,10:01,GB,TB,1,6,2009110806
2009-11-08,06:31,DAL,PHI,1,7,2009110811
2009-11-08,07:31,WAS,ATL,1,10,2009110800
2009-11-08,13:28,GB,TB,1,27,2009110806
2009-11-08,08:17,TEN,SF,2,-2,2009110810
2009-11-08,00:20,SD,NYG,2,0,2009110809
2009-11-08,00:59,SD,NYG,2,0,2009110809
2009-11-08,01:50,MIA,NE,2,0,2009110805
2009-11-08,01:54,BAL,CIN,2,0,2009110802
2009-11-08,02:42,GB,TB,2,0,2009110806
2009-11-08,03:00,BAL,CIN,2,0,2009110802
2009-11-08,03:23,CAR,NO,2,0,2009110807
2009-11-08,03:45,TEN,SF,2,0,2009110810
2009-11-08,05:34,GB,TB,2,0,2009110806
2009-11-08,05:45,BAL,CIN,2,0,2009110802
2009-11-08,06:37,KC,JAC,2,0,2009110804
2009-11-08,08:00,ARI,CHI,2,0,2009110801
2009-11-08,08:27,HOU,IND,2,0,2009110803
2009-11-08,09:54,WAS,ATL,2,0,2009110800
2009-11-08,10:52,KC,JAC,2,0,2009110804
2009-11-08,14:45,WAS,ATL,2,0,2009110800
2009-11-08,08:17,KC,JAC,2,2,2009110804
2009-11-08,11:26,HOU,IND,2,2,2009110803
2009-11-08,01:53,CAR,NO,2,4,2009110807
2009-11-08,14:20,MIA,NE,2,5,2009110805
2009-11-08,14:54,BAL,CIN,2,8,2009110802
2009-11-08,07:58,DAL,PHI,2,9,2009110811
2009-11-08,06:08,TEN,SF,2,10,2009110810
2009-11-08,04:00,GB,TB,2,15,2009110806
2009-11-08,15:00,ARI,CHI,2,15,2009110801
2009-11-08,02:29,WAS,ATL,2,17,2009110800
2009-11-08,12:09,GB,TB,2,31,2009110806
2009-11-08,12:26,DET,SEA,3,-3,2009110808
2009-11-08,04:17,ARI,CHI,3,-2,2009110801
2009-11-08,05:09,WAS,ATL,3,-2,2009110800
2009-11-08,09:39,BAL,CIN,3,-1,2009110802
2009-11-08,01:44,GB,TB,3,0,2009110806
2009-11-08,02:18,DAL,PHI,3,0,2009110811
2009-11-08,03:29,GB,TB,3,0,2009110806
2009-11-08,05:38,ARI,CHI,3,0,2009110801
2009-11-08,06:09,DAL,PHI,3,0,2009110811
2009-11-08,06:17,KC,JAC,3,0,2009110804
2009-11-08,06:46,HOU,IND,3,0,2009110803
2009-11-08,07:08,SD,NYG,3,0,2009110809
2009-11-08,08:42,SD,NYG,3,0,2009110809
2009-11-08,09:11,KC,JAC,3,0,2009110804
2009-11-08,10:20,TEN,SF,3,0,2009110810
2009-11-08,11:23,SD,NYG,3,0,2009110809
2009-11-08,11:37,GB,TB,3,0,2009110806
2009-11-08,11:38,TEN,SF,3,0,2009110810
2009-11-08,13:02,KC,JAC,3,0,2009110804
2009-11-08,13:31,DET,SEA,3,0,2009110808
2009-11-08,06:04,BAL,CIN,3,3,2009110802
2009-11-08,13:28,ARI,CHI,3,3,2009110801
2009-11-08,01:26,ARI,CHI,3,7,2009110801
2009-11-08,04:55,BAL,CIN,3,8,2009110802
2009-11-08,07:34,BAL,CIN,3,9,2009110802
2009-11-08,13:12,GB,TB,3,10,2009110806
2009-11-08,06:34,GB,TB,3,12,2009110806
2009-11-08,05:47,DET,SEA,3,18,2009110808
2009-11-08,01:38,ARI,CHI,4,0,2009110801
2009-11-08,01:48,GB,TB,4,0,2009110806
2009-11-08,01:51,HOU,IND,4,0,2009110803
2009-11-08,02:14,DET,SEA,4,0,2009110808
2009-11-08,02:29,CAR,NO,4,0,2009110807
2009-11-08,03:25,WAS,ATL,4,0,2009110800
2009-11-08,03:43,SD,NYG,4,0,2009110809
2009-11-08,03:45,MIA,NE,4,0,2009110805
2009-11-08,05:45,MIA,NE,4,0,2009110805
2009-11-08,06:23,SD,NYG,4,0,2009110809
2009-11-08,06:53,DET,SEA,4,0,2009110808
2009-11-08,08:48,KC,JAC,4,0,2009110804
2009-11-08,09:49,MIA,NE,4,0,2009110805
2009-11-08,11:30,CAR,NO,4,0,2009110807
2009-11-08,12:59,KC,JAC,4,0,2009110804
2009-11-08,14:58,MIA,NE,4,0,2009110805
2009-11-08,07:17,ARI,CHI,4,2,2009110801
2009-11-08,11:10,HOU,IND,4,6,2009110803
2009-11-08,07:23,GB,TB,4,10,2009110806
2009-11-08,03:51,BAL,CIN,4,12,2009110802
2009-11-08,12:36,SD,NYG,4,13,2009110809
2009-11-08,02:19,GB,TB,4,19,2009110806
2009-11-08,07:25,KC,JAC,4,44,2009110804
2009-11-09,03:20,PIT,DEN,1,0,2009110900
2009-11-09,08:03,PIT,DEN,1,0,2009110900
2009-11-09,00:07,PIT,DEN,1,6,2009110900
2009-11-09,00:18,PIT,DEN,2,0,2009110900
2009-11-09,02:57,PIT,DEN,2,0,2009110900
2009-11-09,07:13,PIT,DEN,2,0,2009110900
2009-11-09,07:32,PIT,DEN,3,0,2009110900
2009-11-09,00:03,PIT,DEN,3,14,2009110900
2009-11-09,09:21,PIT,DEN,4,0,2009110900
2009-11-09,12:16,PIT,DEN,4,0,2009110900
2009-11-09,13:20,PIT,DEN,4,15,2009110900
2009-11-09,06:44,PIT,DEN,4,43,2009110900
2009-11-12,05:54,CHI,SF,1,0,2009111200
2009-11-12,03:56,CHI,SF,1,2,2009111200
2009-11-12,13:34,CHI,SF,1,4,2009111200
2009-11-12,01:37,CHI,SF,3,0,2009111200
2009-11-12,13:06,CHI,SF,3,0,2009111200
2009-11-12,04:40,CHI,SF,3,2,2009111200
2009-11-12,02:53,CHI,SF,4,0,2009111200
2009-11-12,09:13,CHI,SF,4,0,2009111200
2009-11-12,14:57,CHI,SF,4,0,2009111200
2009-11-15,00:32,KC,OAK,1,-1,2009111508
2009-11-15,00:45,DEN,WAS,1,0,2009111507
2009-11-15,02:21,ATL,CAR,1,0,2009111500
2009-11-15,03:26,DAL,GB,1,0,2009111510
2009-11-15,03:49,DEN,WAS,1,0,2009111507
2009-11-15,03:53,TB,MIA,1,0,2009111501
2009-11-15,03:56,KC,OAK,1,0,2009111508
2009-11-15,04:39,PHI,SD,1,0,2009111511
2009-11-15,05:28,TB,MIA,1,0,2009111501
2009-11-15,05:52,SEA,ARI,1,0,2009111509
2009-11-15,08:14,KC,OAK,1,0,2009111508
2009-11-15,09:32,SEA,ARI,1,0,2009111509
2009-11-15,10:05,PHI,SD,1,0,2009111511
2009-11-15,11:34,SEA,ARI,1,0,2009111509
2009-11-15,11:55,NE,IND,1,0,2009111512
2009-11-15,12:05,NO,STL,1,0,2009111505
2009-11-15,04:39,SEA,ARI,1,1,2009111509
2009-11-15,03:02,PHI,SD,1,3,2009111511
2009-11-15,07:25,KC,OAK,1,3,2009111508
2009-11-15,12:12,PHI,SD,1,3,2009111511
2009-11-15,01:57,PHI,SD,1,8,2009111511
2009-11-15,02:33,CIN,PIT,1,8,2009111504
2009-11-15,13:45,DAL,GB,1,9,2009111510
2009-11-15,03:20,NE,IND,1,10,2009111512
2009-11-15,09:59,SEA,ARI,1,11,2009111509
2009-11-15,02:03,TB,MIA,1,12,2009111501
2009-11-15,13:34,NE,IND,1,13,2009111512
2009-11-15,13:47,ATL,CAR,1,13,2009111500
2009-11-15,13:39,BUF,TEN,1,16,2009111506
2009-11-15,00:20,DAL,GB,1,18,2009111510
2009-11-15,02:31,BUF,TEN,1,18,2009111506
2009-11-15,06:28,KC,OAK,1,19,2009111508
2009-11-15,01:26,KC,OAK,2,-4,2009111508
2009-11-15,08:43,DET,MIN,2,-1,2009111502
2009-11-15,00:32,NE,IND,2,0,2009111512
2009-11-15,00:48,ATL,CAR,2,0,2009111500
2009-11-15,00:52,KC,OAK,2,0,2009111508
2009-11-15,01:12,BUF,TEN,2,0,2009111506
2009-11-15,01:47,NE,IND,2,0,2009111512
2009-11-15,02:00,TB,MIA,2,0,2009111501
2009-11-15,03:50,ATL,CAR,2,0,2009111500
2009-11-15,03:58,KC,OAK,2,0,2009111508
2009-11-15,04:02,NE,IND,2,0,2009111512
2009-11-15,04:33,PHI,SD,2,0,2009111511
2009-11-15,07:42,DAL,GB,2,0,2009111510
2009-11-15,10:03,DAL,GB,2,0,2009111510
2009-11-15,11:06,DEN,WAS,2,0,2009111507
2009-11-15,11:45,SEA,ARI,2,0,2009111509
2009-11-15,12:09,CIN,PIT,2,0,2009111504
2009-11-15,12:10,DET,MIN,2,0,2009111502
2009-11-15,12:16,NE,IND,2,0,2009111512
2009-11-15,12:31,DEN,WAS,2,0,2009111507
2009-11-15,13:32,BUF,TEN,2,0,2009111506
2009-11-15,13:43,DAL,GB,2,0,2009111510
2009-11-15,14:21,TB,MIA,2,0,2009111501
2009-11-15,09:55,KC,OAK,2,1,2009111508
2009-11-15,02:00,KC,OAK,2,2,2009111508
2009-11-15,02:00,DAL,GB,2,5,2009111510
2009-11-15,03:05,CIN,PIT,2,5,2009111504
2009-11-15,05:46,KC,OAK,2,6,2009111508
2009-11-15,08:12,JAC,NYJ,2,6,2009111503
2009-11-15,09:21,CIN,PIT,2,6,2009111504
2009-11-15,01:02,TB,MIA,2,7,2009111501
2009-11-15,04:13,DAL,GB,2,8,2009111510
2009-11-15,09:42,DEN,WAS,2,8,2009111507
2009-11-15,14:17,KC,OAK,2,8,2009111508
2009-11-15,02:50,NE,IND,2,9,2009111512
2009-11-15,14:01,SEA,ARI,2,9,2009111509
2009-11-15,00:06,NO,STL,2,10,2009111505
2009-11-15,13:43,DET,MIN,2,10,2009111502
2009-11-15,09:43,NE,IND,2,16,2009111512
2009-11-15,00:52,DAL,GB,2,18,2009111510
2009-11-15,02:58,DET,MIN,2,20,2009111502
2009-11-15,08:18,CIN,PIT,2,25,2009111504
2009-11-15,10:15,SEA,ARI,2,27,2009111509
2009-11-15,15:00,DET,MIN,2,30,2009111502
2009-11-15,00:59,BUF,TEN,3,0,2009111506
2009-11-15,02:59,CIN,PIT,3,0,2009111504
2009-11-15,03:08,DEN,WAS,3,0,2009111507
2009-11-15,03:18,BUF,TEN,3,0,2009111506
2009-11-15,03:40,SEA,ARI,3,0,2009111509
2009-11-15,04:54,DET,MIN,3,0,2009111502
2009-11-15,05:07,CIN,PIT,3,0,2009111504
2009-11-15,06:53,DET,MIN,3,0,2009111502
2009-11-15,06:57,DAL,GB,3,0,2009111510
2009-11-15,09:05,DAL,GB,3,0,2009111510
2009-11-15,09:10,DEN,WAS,3,0,2009111507
2009-11-15,09:34,CIN,PIT,3,0,2009111504
2009-11-15,10:41,JAC,NYJ,3,0,2009111503
2009-11-15,11:00,TB,MIA,3,0,2009111501
2009-11-15,12:40,JAC,NYJ,3,0,2009111503
2009-11-15,13:00,DEN,WAS,3,0,2009111507
2009-11-15,13:17,NO,STL,3,0,2009111505
2009-11-15,14:12,JAC,NYJ,3,0,2009111503
2009-11-15,07:01,JAC,NYJ,3,2,2009111503
2009-11-15,00:48,KC,OAK,3,5,2009111508
2009-11-15,10:36,PHI,SD,3,5,2009111511
2009-11-15,08:37,TB,MIA,3,7,2009111501
2009-11-15,02:08,DET,MIN,3,9,2009111502
2009-11-15,02:29,KC,OAK,3,10,2009111508
2009-11-15,00:37,DET,MIN,3,12,2009111502
2009-11-15,13:22,TB,MIA,3,12,2009111501
2009-11-15,01:28,NO,STL,3,13,2009111505
2009-11-15,06:33,SEA,ARI,3,16,2009111509
2009-11-15,13:29,DAL,GB,3,28,2009111510
2009-11-15,00:15,NE,IND,3,69,2009111512
2009-11-15,04:51,KC,OAK,4,-4,2009111508
2009-11-15,11:04,TB,MIA,4,-4,2009111501
2009-11-15,02:00,KC,OAK,4,0,2009111508
2009-11-15,02:29,NO,STL,4,0,2009111505
2009-11-15,04:36,NO,STL,4,0,2009111505
2009-11-15,04:45,DET,MIN,4,0,2009111502
2009-11-15,05:28,SEA,ARI,4,0,2009111509
2009-11-15,08:02,NE,IND,4,0,2009111512
2009-11-15,09:33,SEA,ARI,4,0,2009111509
2009-11-15,11:24,ATL,CAR,4,0,2009111500
2009-11-15,11:51,DET,MIN,4,0,2009111502
2009-11-15,12:38,TB,MIA,4,0,2009111501
2009-11-15,14:55,KC,OAK,4,0,2009111508
2009-11-15,05:51,SEA,ARI,4,1,2009111509
2009-11-15,12:52,JAC,NYJ,4,3,2009111503
2009-11-15,10:23,NO,STL,4,5,2009111505
2009-11-15,06:23,CIN,PIT,4,6,2009111504
2009-11-15,03:31,DAL,GB,4,7,2009111510
2009-11-15,12:31,PHI,SD,4,7,2009111511
2009-11-15,01:46,BUF,TEN,4,9,2009111506
2009-11-15,09:32,BUF,TEN,4,12,2009111506
2009-11-15,03:16,SEA,ARI,4,13,2009111509
2009-11-15,04:14,ATL,CAR,4,24,2009111500
2009-11-16,00:45,BAL,CLE,1,0,2009111600
2009-11-16,11:16,BAL,CLE,1,0,2009111600
2009-11-16,13:53,BAL,CLE,1,9,2009111600
2009-11-16,01:05,BAL,CLE,2,0,2009111600
2009-11-16,06:16,BAL,CLE,2,0,2009111600
2009-11-16,11:49,BAL,CLE,2,0,2009111600
2009-11-16,09:15,BAL,CLE,2,1,2009111600
2009-11-16,14:17,BAL,CLE,2,21,2009111600
2009-11-16,01:09,BAL,CLE,3,0,2009111600
2009-11-16,14:13,BAL,CLE,3,0,2009111600
2009-11-16,08:42,BAL,CLE,4,-2,2009111600
2009-11-16,10:25,BAL,CLE,4,0,2009111600
2009-11-16,04:59,BAL,CLE,4,3,2009111600
2009-11-16,13:06,BAL,CLE,4,3,2009111600
2009-11-16,03:57,BAL,CLE,4,4,2009111600
2009-11-16,14:55,BAL,CLE,4,5,2009111600
2009-11-19,03:53,MIA,CAR,1,0,2009111900
2009-11-19,06:46,MIA,CAR,1,0,2009111900
2009-11-19,01:46,MIA,CAR,1,5,2009111900
2009-11-19,12:06,MIA,CAR,2,0,2009111900
2009-11-19,13:05,MIA,CAR,2,0,2009111900
2009-11-19,09:35,MIA,CAR,2,8,2009111900
2009-11-19,03:04,MIA,CAR,2,22,2009111900
2009-11-19,04:37,MIA,CAR,3,0,2009111900
2009-11-19,13:32,MIA,CAR,3,0,2009111900
2009-11-19,06:21,MIA,CAR,3,7,2009111900
2009-11-19,02:41,MIA,CAR,3,8,2009111900
2009-11-22,00:16,SEA,MIN,1,0,2009112206
2009-11-22,00:36,IND,BAL,1,0,2009112200
2009-11-22,01:07,ARI,STL,1,0,2009112209
2009-11-22,02:32,SEA,MIN,1,0,2009112206
2009-11-22,03:18,SD,DEN,1,0,2009112210
2009-11-22,05:09,WAS,DAL,1,0,2009112201
2009-11-22,07:01,PIT,KC,1,0,2009112205
2009-11-22,07:39,PHI,CHI,1,0,2009112213
2009-11-22,07:43,CLE,DET,1,0,2009112202
2009-11-22,08:58,ARI,STL,1,0,2009112209
2009-11-22,09:14,ATL,NYG,1,0,2009112207
2009-11-22,10:52,NYJ,NE,1,0,2009112211
2009-11-22,11:15,PIT,KC,1,0,2009112205
2009-11-22,12:05,NO,TB,1,0,2009112208
2009-11-22,12:19,SEA,MIN,1,0,2009112206
2009-11-22,12:36,PIT,KC,1,0,2009112205
2009-11-22,13:26,WAS,DAL,1,0,2009112201
2009-11-22,13:39,NYJ,NE,1,0,2009112211
2009-11-22,10:31,SEA,MIN,1,4,2009112206
2009-11-22,01:31,SF,GB,1,6,2009112203
2009-11-22,05:41,ARI,STL,1,9,2009112209
2009-11-22,00:42,WAS,DAL,1,10,2009112201
2009-11-22,04:27,NYJ,NE,1,10,2009112211
2009-11-22,11:45,WAS,DAL,1,13,2009112201
2009-11-22,14:14,SEA,MIN,1,14,2009112206
2009-11-22,02:44,CIN,OAK,1,18,2009112212
2009-11-22,14:04,NYJ,NE,2,-1,2009112211
2009-11-22,00:35,SD,DEN,2,0,2009112210
2009-11-22,00:41,SEA,MIN,2,0,2009112206
2009-11-22,02:16,NYJ,NE,2,0,2009112211
2009-11-22,02:18,NO,TB,2,0,2009112208
2009-11-22,03:17,NO,TB,2,0,2009112208
2009-11-22,04:10,CIN,OAK,2,0,2009112212
2009-11-22,04:55,BUF,JAC,2,0,2009112204
2009-11-22,06:15,WAS,DAL,2,0,2009112201
2009-11-22,07:29,SF,GB,2,0,2009112203
2009-11-22,07:39,WAS,DAL,2,0,2009112201
2009-11-22,07:42,SEA,MIN,2,0,2009112206
2009-11-22,07:54,CLE,DET,2,0,2009112202
2009-11-22,08:46,ATL,NYG,2,0,2009112207
2009-11-22,09:13,NO,TB,2,0,2009112208
2009-11-22,10:00,SD,DEN,2,0,2009112210
2009-11-22,11:19,SF,GB,2,0,2009112203
2009-11-22,12:47,SF,GB,2,0,2009112203
2009-11-22,15:00,NO,TB,2,0,2009112208
2009-11-22,02:07,BUF,JAC,2,2,2009112204
2009-11-22,13:13,IND,BAL,2,2,2009112200
2009-11-22,00:55,NYJ,NE,2,4,2009112211
2009-11-22,00:35,CIN,OAK,2,5,2009112212
2009-11-22,01:49,NO,TB,2,5,2009112208
2009-11-22,11:54,NO,TB,2,5,2009112208
2009-11-22,14:20,CLE,DET,2,6,2009112202
2009-11-22,02:02,ATL,NYG,2,7,2009112207
2009-11-22,12:13,PHI,CHI,2,9,2009112213
2009-11-22,03:09,BUF,JAC,2,11,2009112204
2009-11-22,13:30,NO,TB,2,11,2009112208
2009-11-22,04:30,PIT,KC,2,17,2009112205
2009-11-22,05:53,CIN,OAK,2,20,2009112212
2009-11-22,01:52,SF,GB,2,27,2009112203
2009-11-22,11:42,PIT,KC,2,28,2009112205
2009-11-22,06:11,PHI,CHI,2,53,2009112213
2009-11-22,04:25,SF,GB,3,-2,2009112203
2009-11-22,11:50,BUF,JAC,3,-2,2009112204
2009-11-22,01:06,BUF,JAC,3,0,2009112204
2009-11-22,01:38,CLE,DET,3,0,2009112202
2009-11-22,01:51,CIN,OAK,3,0,2009112212
2009-11-22,02:24,SF,GB,3,0,2009112203
2009-11-22,02:49,NYJ,NE,3,0,2009112211
2009-11-22,04:21,BUF,JAC,3,0,2009112204
2009-11-22,04:40,NYJ,NE,3,0,2009112211
2009-11-22,05:06,WAS,DAL,3,0,2009112201
2009-11-22,06:12,WAS,DAL,3,0,2009112201
2009-11-22,07:58,CLE,DET,3,0,2009112202
2009-11-22,08:57,WAS,DAL,3,0,2009112201
2009-11-22,08:59,PIT,KC,3,0,2009112205
2009-11-22,09:19,ARI,STL,3,0,2009112209
2009-11-22,09:49,SF,GB,3,0,2009112203
2009-11-22,10:53,SEA,MIN,3,0,2009112206
2009-11-22,11:49,WAS,DAL,3,0,2009112201
2009-11-22,12:11,PHI,CHI,3,0,2009112213
2009-11-22,12:19,SEA,MIN,3,0,2009112206
2009-11-22,12:44,CLE,DET,3,0,2009112202
2009-11-22,13:12,PHI,CHI,3,0,2009112213
2009-11-22,13:28,ARI,STL,3,0,2009112209
2009-11-22,13:41,IND,BAL,3,0,2009112200
2009-11-22,06:34,PHI,CHI,3,3,2009112213
2009-11-22,07:24,PHI,CHI,3,4,2009112213
2009-11-22,02:49,NO,TB,3,6,2009112208
2009-11-22,03:30,IND,BAL,3,8,2009112200
2009-11-22,06:39,ARI,STL,3,10,2009112209
2009-11-22,07:45,PIT,KC,3,10,2009112205
2009-11-22,14:05,SD,DEN,3,10,2009112210
2009-11-22,04:59,ARI,STL,3,12,2009112209
2009-11-22,03:26,BUF,JAC,3,14,2009112204
2009-11-22,03:33,SEA,MIN,4,-1,2009112206
2009-11-22,00:14,WAS,DAL,4,0,2009112201
2009-11-22,00:30,PIT,KC,4,0,2009112205
2009-11-22,01:55,PIT,KC,4,0,2009112205
2009-11-22,02:20,CIN,OAK,4,0,2009112212
2009-11-22,02:27,PIT,KC,4,0,2009112205
2009-11-22,03:50,ATL,NYG,4,0,2009112207
2009-11-22,03:51,PHI,CHI,4,0,2009112213
2009-11-22,03:59,SD,DEN,4,0,2009112210
2009-11-22,05:35,ARI,STL,4,0,2009112209
2009-11-22,07:50,CIN,OAK,4,0,2009112212
2009-11-22,10:43,NYJ,NE,4,0,2009112211
2009-11-22,12:45,BUF,JAC,4,0,2009112204
2009-11-22,12:57,PHI,CHI,4,0,2009112213
2009-11-22,13:03,PIT,KC,4,0,2009112205
2009-11-22,13:40,SF,GB,4,0,2009112203
2009-11-22,14:25,PHI,CHI,4,0,2009112213
2009-11-22,01:57,CLE,DET,4,1,2009112202
2009-11-22,12:44,CLE,DET,4,3,2009112202
2009-11-22,00:28,IND,BAL,4,4,2009112200
2009-11-22,13:33,SD,DEN,4,6,2009112210
2009-11-22,01:07,ARI,STL,4,7,2009112209
2009-11-22,02:00,PHI,CHI,4,7,2009112213
2009-11-22,08:38,SF,GB,4,9,2009112203
2009-11-22,15:00,NYJ,NE,4,10,2009112211
2009-11-22,02:43,SEA,MIN,4,12,2009112206
2009-11-22,06:20,CIN,OAK,4,12,2009112212
2009-11-22,06:28,BUF,JAC,4,12,2009112204
2009-11-22,05:48,SEA,MIN,4,14,2009112206
2009-11-22,00:25,NYJ,NE,4,15,2009112211
2009-11-22,00:07,ATL,NYG,4,17,2009112207
2009-11-22,14:17,CLE,DET,4,17,2009112202
2009-11-22,10:07,PIT,KC,5,0,2009112205
2009-11-23,02:27,TEN,HOU,1,0,2009112300
2009-11-23,05:05,TEN,HOU,1,0,2009112300
2009-11-23,14:03,TEN,HOU,1,0,2009112300
2009-11-23,11:34,TEN,HOU,1,11,2009112300
2009-11-23,07:02,TEN,HOU,2,0,2009112300
2009-11-23,09:19,TEN,HOU,2,0,2009112300
2009-11-23,05:28,TEN,HOU,4,-1,2009112300
2009-11-23,03:00,TEN,HOU,4,0,2009112300
2009-11-23,08:55,TEN,HOU,4,0,2009112300
2009-11-26,03:39,OAK,DAL,1,0,2009112601
2009-11-26,08:56,NYG,DEN,1,0,2009112602
2009-11-26,09:27,OAK,DAL,1,0,2009112601
2009-11-26,12:53,OAK,DAL,1,0,2009112601
2009-11-26,11:46,NYG,DEN,1,2,2009112602
2009-11-26,06:50,OAK,DAL,1,4,2009112601
2009-11-26,05:49,OAK,DAL,1,5,2009112601
2009-11-26,01:15,NYG,DEN,1,11,2009112602
2009-11-26,09:57,NYG,DEN,1,14,2009112602
2009-11-26,01:53,NYG,DEN,2,-1,2009112602
2009-11-26,04:33,OAK,DAL,2,0,2009112601
2009-11-26,12:01,GB,DET,2,1,2009112600
2009-11-26,13:22,OAK,DAL,2,6,2009112601
2009-11-26,06:23,NYG,DEN,2,15,2009112602
2009-11-26,08:35,OAK,DAL,2,21,2009112601
2009-11-26,11:16,GB,DET,3,0,2009112600
2009-11-26,13:00,OAK,DAL,3,0,2009112601
2009-11-26,01:35,OAK,DAL,3,3,2009112601
2009-11-26,05:27,NYG,DEN,3,6,2009112602
2009-11-26,00:21,GB,DET,4,0,2009112600
2009-11-26,01:50,NYG,DEN,4,0,2009112602
2009-11-26,04:04,GB,DET,4,0,2009112600
2009-11-26,04:52,OAK,DAL,4,0,2009112601
2009-11-26,08:26,OAK,DAL,4,0,2009112601
2009-11-26,15:00,OAK,DAL,4,0,2009112601
2009-11-26,09:56,OAK,DAL,4,2,2009112601
2009-11-26,11:43,OAK,DAL,4,5,2009112601
2009-11-26,14:52,GB,DET,4,7,2009112600
2009-11-26,12:35,GB,DET,4,14,2009112600
2009-11-29,01:22,CAR,NYJ,1,0,2009112905
2009-11-29,02:36,JAC,SF,1,0,2009112910
2009-11-29,02:55,PIT,BAL,1,0,2009112911
2009-11-29,03:17,TB,ATL,1,0,2009112900
2009-11-29,03:36,KC,SD,1,0,2009112909
2009-11-29,06:59,CHI,MIN,1,0,2009112904
2009-11-29,07:21,JAC,SF,1,0,2009112910
2009-11-29,07:31,ARI,TEN,1,0,2009112908
2009-11-29,08:47,CHI,MIN,1,0,2009112904
2009-11-29,09:39,CHI,MIN,1,0,2009112904
2009-11-29,10:35,TB,ATL,1,0,2009112900
2009-11-29,11:59,KC,SD,1,0,2009112909
2009-11-29,12:03,CLE,CIN,1,0,2009112902
2009-11-29,13:33,MIA,BUF,1,0,2009112901
2009-11-29,14:09,KC,SD,1,0,2009112909
2009-11-29,05:38,JAC,SF,1,2,2009112910
2009-11-29,06:48,SEA,STL,1,2,2009112907
2009-11-29,10:42,KC,SD,1,2,2009112909
2009-11-29,06:10,IND,HOU,1,4,2009112903
2009-11-29,04:23,PIT,BAL,1,7,2009112911
2009-11-29,13:51,SEA,STL,1,8,2009112907
2009-11-29,01:01,CLE,CIN,1,9,2009112902
2009-11-29,13:36,ARI,TEN,1,10,2009112908
2009-11-29,06:47,CAR,NYJ,1,14,2009112905
2009-11-29,13:26,PIT,BAL,1,17,2009112911
2009-11-29,06:22,WAS,PHI,1,29,2009112906
2009-11-29,00:24,JAC,SF,1,42,2009112910
2009-11-29,08:04,ARI,TEN,2,-1,2009112908
2009-11-29,00:18,MIA,BUF,2,0,2009112901
2009-11-29,00:31,KC,SD,2,0,2009112909
2009-11-29,01:47,MIA,BUF,2,0,2009112901
2009-11-29,03:59,TB,ATL,2,0,2009112900
2009-11-29,04:42,CAR,NYJ,2,0,2009112905
2009-11-29,04:49,PIT,BAL,2,0,2009112911
2009-11-29,05:00,WAS,PHI,2,0,2009112906
2009-11-29,07:17,JAC,SF,2,0,2009112910
2009-11-29,07:35,MIA,BUF,2,0,2009112901
2009-11-29,07:54,SEA,STL,2,0,2009112907
2009-11-29,07:56,CLE,CIN,2,0,2009112902
2009-11-29,08:54,CLE,CIN,2,0,2009112902
2009-11-29,09:12,WAS,PHI,2,0,2009112906
2009-11-29,09:25,TB,ATL,2,0,2009112900
2009-11-29,09:59,WAS,PHI,2,0,2009112906
2009-11-29,11:20,ARI,TEN,2,0,2009112908
2009-11-29,12:14,SEA,STL,2,0,2009112907
2009-11-29,13:56,CLE,CIN,2,0,2009112902
2009-11-29,14:13,KC,SD,2,0,2009112909
2009-11-29,01:56,CHI,MIN,2,4,2009112904
2009-11-29,05:51,SEA,STL,2,6,2009112907
2009-11-29,08:07,JAC,SF,2,6,2009112910
2009-11-29,11:41,PIT,BAL,2,7,2009112911
2009-11-29,00:30,CLE,CIN,2,8,2009112902
2009-11-29,11:17,CLE,CIN,2,11,2009112902
2009-11-29,11:22,MIA,BUF,2,12,2009112901
2009-11-29,04:11,JAC,SF,2,13,2009112910
2009-11-29,15:00,CAR,NYJ,2,37,2009112905
2009-11-29,00:55,CAR,NYJ,3,0,2009112905
2009-11-29,01:38,WAS,PHI,3,0,2009112906
2009-11-29,01:51,ARI,TEN,3,0,2009112908
2009-11-29,02:34,WAS,PHI,3,0,2009112906
2009-11-29,03:59,CAR,NYJ,3,0,2009112905
2009-11-29,04:06,ARI,TEN,3,0,2009112908
2009-11-29,04:15,PIT,BAL,3,0,2009112911
2009-11-29,05:00,IND,HOU,3,0,2009112903
2009-11-29,05:10,TB,ATL,3,0,2009112900
2009-11-29,06:20,CHI,MIN,3,0,2009112904
2009-11-29,06:59,WAS,PHI,3,0,2009112906
2009-11-29,07:47,CAR,NYJ,3,0,2009112905
2009-11-29,09:49,ARI,TEN,3,0,2009112908
2009-11-29,10:38,CLE,CIN,3,0,2009112902
2009-11-29,10:58,SEA,STL,3,0,2009112907
2009-11-29,12:00,TB,ATL,3,0,2009112900
2009-11-29,12:42,PIT,BAL,3,0,2009112911
2009-11-29,12:56,TB,ATL,3,0,2009112900
2009-11-29,13:40,WAS,PHI,3,1,2009112906
2009-11-29,07:03,IND,HOU,3,4,2009112903
2009-11-29,06:12,PIT,BAL,3,7,2009112911
2009-11-29,01:29,SEA,STL,3,10,2009112907
2009-11-29,12:31,SEA,STL,3,12,2009112907
2009-11-29,11:02,PIT,BAL,3,14,2009112911
2009-11-29,14:31,WAS,PHI,4,-2,2009112906
2009-11-29,00:50,CAR,NYJ,4,0,2009112905
2009-11-29,02:49,ARI,TEN,4,0,2009112908
2009-11-29,02:59,SEA,STL,4,0,2009112907
2009-11-29,03:13,CLE,CIN,4,0,2009112902
2009-11-29,03:40,KC,SD,4,0,2009112909
2009-11-29,05:31,CHI,MIN,4,0,2009112904
2009-11-29,05:43,WAS,PHI,4,0,2009112906
2009-11-29,06:07,ARI,TEN,4,0,2009112908
2009-11-29,06:49,CLE,CIN,4,0,2009112902
2009-11-29,07:11,MIA,BUF,4,0,2009112901
2009-11-29,09:43,ARI,TEN,4,0,2009112908
2009-11-29,10:19,CLE,CIN,4,0,2009112902
2009-11-29,10:59,TB,ATL,4,0,2009112900
2009-11-29,11:51,CHI,MIN,4,0,2009112904
2009-11-29,11:52,MIA,BUF,4,0,2009112901
2009-11-29,13:13,CLE,CIN,4,0,2009112902
2009-11-29,13:15,JAC,SF,4,0,2009112910
2009-11-29,15:00,TB,ATL,4,0,2009112900
2009-11-29,14:50,PIT,BAL,4,1,2009112911
2009-11-29,11:29,IND,HOU,4,7,2009112903
2009-11-29,08:48,CLE,CIN,4,9,2009112902
2009-11-29,04:01,CLE,CIN,4,12,2009112902
2009-11-29,06:10,MIA,BUF,4,12,2009112901
2009-11-29,09:00,CAR,NYJ,4,13,2009112905
2009-11-29,07:59,CAR,NYJ,4,18,2009112905
2009-11-29,08:37,TB,ATL,4,18,2009112900
2009-11-29,04:21,JAC,SF,4,19,2009112910
2009-11-29,14:01,TB,ATL,4,21,2009112900
2009-11-29,12:36,SEA,STL,4,29,2009112907
2009-11-29,12:35,PIT,BAL,4,34,2009112911
2009-11-29,01:29,PIT,BAL,4,43,2009112911
2009-11-29,11:46,PIT,BAL,5,0,2009112911
2009-11-29,12:07,PIT,BAL,5,0,2009112911
2009-11-30,01:28,NE,NO,1,41,2009113000
2009-11-30,10:13,NE,NO,2,11,2009113000
2009-11-30,13:21,NE,NO,4,-5,2009113000
2009-11-30,02:00,NE,NO,4,0,2009113000
2009-11-30,04:05,NE,NO,4,0,2009113000
2009-11-30,14:56,NE,NO,4,0,2009113000
2009-12-03,09:09,NYJ,BUF,1,0,2009120300
2009-12-03,02:12,NYJ,BUF,1,7,2009120300
2009-12-03,00:51,NYJ,BUF,1,11,2009120300
2009-12-03,07:36,NYJ,BUF,1,12,2009120300
2009-12-03,03:49,NYJ,BUF,2,0,2009120300
2009-12-03,05:55,NYJ,BUF,3,0,2009120300
2009-12-03,10:48,NYJ,BUF,3,0,2009120300
2009-12-03,13:33,NYJ,BUF,3,0,2009120300
2009-12-03,05:00,NYJ,BUF,3,12,2009120300
2009-12-03,02:39,NYJ,BUF,4,0,2009120300
2009-12-03,09:15,NYJ,BUF,4,0,2009120300
2009-12-03,11:48,NYJ,BUF,4,0,2009120300
2009-12-03,13:19,NYJ,BUF,4,1,2009120300
2009-12-03,11:20,NYJ,BUF,4,17,2009120300
2009-12-06,04:50,SF,SEA,1,-6,2009120612
2009-12-06,00:35,STL,CHI,1,0,2009120602
2009-12-06,00:35,HOU,JAC,1,0,2009120605
2009-12-06,00:47,TEN,IND,1,0,2009120604
2009-12-06,00:53,SF,SEA,1,0,2009120612
2009-12-06,01:05,DAL,NYG,1,0,2009120611
2009-12-06,02:45,MIN,ARI,1,0,2009120610
2009-12-06,02:47,TB,CAR,1,0,2009120601
2009-12-06,03:20,PHI,ATL,1,0,2009120600
2009-12-06,04:54,OAK,PIT,1,0,2009120607
2009-12-06,05:33,DAL,NYG,1,0,2009120611
2009-12-06,05:48,TEN,IND,1,0,2009120604
2009-12-06,06:13,MIN,ARI,1,0,2009120610
2009-12-06,06:26,NO,WAS,1,0,2009120608
2009-12-06,06:52,NE,MIA,1,0,2009120613
2009-12-06,07:00,STL,CHI,1,0,2009120602
2009-12-06,07:04,OAK,PIT,1,0,2009120607
2009-12-06,09:10,DAL,NYG,1,0,2009120611
2009-12-06,11:25,DET,CIN,1,0,2009120603
2009-12-06,12:04,STL,CHI,1,0,2009120602
2009-12-06,13:02,NO,WAS,1,0,2009120608
2009-12-06,13:19,SF,SEA,1,0,2009120612
2009-12-06,01:34,DET,CIN,1,3,2009120603
2009-12-06,14:11,SF,SEA,1,3,2009120612
2009-12-06,02:45,HOU,JAC,1,5,2009120605
2009-12-06,08:38,SF,SEA,1,8,2009120612
2009-12-06,02:31,DAL,NYG,1,10,2009120611
2009-12-06,04:42,HOU,JAC,1,12,2009120605
2009-12-06,08:37,DET,CIN,1,14,2009120603
2009-12-06,01:13,TB,CAR,1,16,2009120601
2009-12-06,11:00,DEN,KC,1,21,2009120606
2009-12-06,13:01,DET,CIN,1,25,2009120603
2009-12-06,14:09,PHI,ATL,1,27,2009120600
2009-12-06,05:11,MIN,ARI,1,64,2009120610
2009-12-06,10:15,NO,WAS,2,-2,2009120608
2009-12-06,00:14,OAK,PIT,2,0,2009120607
2009-12-06,00:24,MIN,ARI,2,0,2009120610
2009-12-06,00:47,SD,CLE,2,0,2009120609
2009-12-06,01:11,SF,SEA,2,0,2009120612
2009-12-06,01:19,DET,CIN,2,0,2009120603
2009-12-06,01:43,NO,WAS,2,0,2009120608
2009-12-06,02:18,DET,CIN,2,0,2009120603
2009-12-06,02:42,SD,CLE,2,0,2009120609
2009-12-06,03:09,OAK,PIT,2,0,2009120607
2009-12-06,05:14,OAK,PIT,2,0,2009120607
2009-12-06,05:38,SF,SEA,2,0,2009120612
2009-12-06,06:46,PHI,ATL,2,0,2009120600
2009-12-06,08:46,NE,MIA,2,0,2009120613
2009-12-06,09:54,TEN,IND,2,0,2009120604
2009-12-06,09:57,HOU,JAC,2,0,2009120605
2009-12-06,10:13,MIN,ARI,2,0,2009120610
2009-12-06,10:28,DET,CIN,2,0,2009120603
2009-12-06,10:44,STL,CHI,2,0,2009120602
2009-12-06,11:43,DEN,KC,2,0,2009120606
2009-12-06,11:47,STL,CHI,2,0,2009120602
2009-12-06,13:02,PHI,ATL,2,0,2009120600
2009-12-06,14:55,OAK,PIT,2,0,2009120607
2009-12-06,01:17,TB,CAR,2,1,2009120601
2009-12-06,00:46,SF,SEA,2,2,2009120612
2009-12-06,09:38,PHI,ATL,2,2,2009120600
2009-12-06,03:58,DEN,KC,2,5,2009120606
2009-12-06,05:36,DEN,KC,2,6,2009120606
2009-12-06,11:01,PHI,ATL,2,6,2009120600
2009-12-06,08:45,MIN,ARI,2,7,2009120610
2009-12-06,04:12,SF,SEA,2,9,2009120612
2009-12-06,12:42,DEN,KC,2,13,2009120606
2009-12-06,02:48,DEN,KC,2,14,2009120606
2009-12-06,05:32,PHI,ATL,2,14,2009120600
2009-12-06,13:30,STL,CHI,2,15,2009120602
2009-12-06,08:05,TB,CAR,2,30,2009120601
2009-12-06,01:04,DEN,KC,3,-4,2009120606
2009-12-06,14:08,STL,CHI,3,-3,2009120602
2009-12-06,03:35,SF,SEA,3,-1,2009120612
2009-12-06,09:30,SD,CLE,3,-1,2009120609
2009-12-06,00:08,NE,MIA,3,0,2009120613
2009-12-06,00:23,STL,CHI,3,0,2009120602
2009-12-06,01:28,DAL,NYG,3,0,2009120611
2009-12-06,02:28,HOU,JAC,3,0,2009120605
2009-12-06,03:18,DET,CIN,3,0,2009120603
2009-12-06,03:38,DEN,KC,3,0,2009120606
2009-12-06,04:23,SD,CLE,3,0,2009120609
2009-12-06,04:34,TB,CAR,3,0,2009120601
2009-12-06,05:35,OAK,PIT,3,0,2009120607
2009-12-06,07:12,OAK,PIT,3,0,2009120607
2009-12-06,07:59,SF,SEA,3,0,2009120612
2009-12-06,08:09,DAL,NYG,3,0,2009120611
2009-12-06,11:16,OAK,PIT,3,0,2009120607
2009-12-06,12:51,TEN,IND,3,0,2009120604
2009-12-06,13:06,HOU,JAC,3,0,2009120605
2009-12-06,09:40,SF,SEA,3,2,2009120612
2009-12-06,09:54,DAL,NYG,3,6,2009120611
2009-12-06,05:02,SF,SEA,3,7,2009120612
2009-12-06,05:12,DEN,KC,3,7,2009120606
2009-12-06,01:57,SF,SEA,3,8,2009120612
2009-12-06,02:25,TB,CAR,3,8,2009120601
2009-12-06,08:58,NE,MIA,3,10,2009120613
2009-12-06,12:08,STL,CHI,3,10,2009120602
2009-12-06,12:56,NE,MIA,3,12,2009120613
2009-12-06,13:24,SF,SEA,3,12,2009120612
2009-12-06,06:23,DET,CIN,3,15,2009120603
2009-12-06,11:53,SF,SEA,3,31,2009120612
2009-12-06,03:12,TB,CAR,4,-3,2009120601
2009-12-06,07:37,HOU,JAC,4,-1,2009120605
2009-12-06,00:57,SF,SEA,4,0,2009120612
2009-12-06,02:33,DAL,NYG,4,0,2009120611
2009-12-06,03:42,STL,CHI,4,0,2009120602
2009-12-06,05:58,STL,CHI,4,0,2009120602
2009-12-06,06:18,PHI,ATL,4,0,2009120600
2009-12-06,08:43,STL,CHI,4,0,2009120602
2009-12-06,10:02,MIN,ARI,4,0,2009120610
2009-12-06,13:16,SF,SEA,4,0,2009120612
2009-12-06,13:57,MIN,ARI,4,0,2009120610
2009-12-06,14:54,DAL,NYG,4,0,2009120611
2009-12-06,12:21,MIN,ARI,4,2,2009120610
2009-12-06,09:23,NE,MIA,4,5,2009120613
2009-12-06,11:38,PHI,ATL,4,5,2009120600
2009-12-06,03:55,NE,MIA,4,7,2009120613
2009-12-06,12:40,HOU,JAC,4,9,2009120605
2009-12-06,15:00,TEN,IND,4,9,2009120604
2009-12-06,07:46,NE,MIA,4,12,2009120613
2009-12-06,13:04,NE,MIA,4,12,2009120613
2009-12-06,02:00,STL,CHI,4,13,2009120602
2009-12-06,03:10,DET,CIN,4,18,2009120603
2009-12-06,00:34,SF,SEA,4,21,2009120612
2009-12-06,14:15,STL,CHI,4,30,2009120602
2009-12-06,11:43,DEN,KC,4,39,2009120606
2009-12-06,05:58,DAL,NYG,4,79,2009120611
2009-12-07,00:14,BAL,GB,1,0,2009120700
2009-12-07,02:56,BAL,GB,2,0,2009120700
2009-12-07,09:57,BAL,GB,2,0,2009120700
2009-12-07,11:55,BAL,GB,2,0,2009120700
2009-12-07,14:12,BAL,GB,2,0,2009120700
2009-12-07,12:21,BAL,GB,3,8,2009120700
2009-12-07,07:12,BAL,GB,4,6,2009120700
2009-12-07,13:00,BAL,GB,4,8,2009120700
2009-12-10,07:17,PIT,CLE,1,0,2009121000
2009-12-10,10:37,PIT,CLE,1,0,2009121000
2009-12-10,12:29,PIT,CLE,1,0,2009121000
2009-12-10,05:21,PIT,CLE,1,55,2009121000
2009-12-10,04:27,PIT,CLE,2,0,2009121000
2009-12-10,10:25,PIT,CLE,2,0,2009121000
2009-12-10,12:04,PIT,CLE,2,0,2009121000
2009-12-10,14:36,PIT,CLE,2,0,2009121000
2009-12-10,04:02,PIT,CLE,3,0,2009121000
2009-12-10,07:08,PIT,CLE,3,0,2009121000
2009-12-10,10:32,PIT,CLE,3,0,2009121000
2009-12-10,05:40,PIT,CLE,3,6,2009121000
2009-12-10,06:24,PIT,CLE,4,0,2009121000
2009-12-10,11:39,PIT,CLE,4,0,2009121000
2009-12-10,00:08,PIT,CLE,4,3,2009121000
2009-12-10,14:17,PIT,CLE,4,3,2009121000
2009-12-13,01:06,DEN,IND,1,0,2009121304
2009-12-13,01:09,STL,TEN,1,0,2009121310
2009-12-13,01:17,SEA,HOU,1,0,2009121303
2009-12-13,01:28,PHI,NYG,1,0,2009121313
2009-12-13,01:43,NYJ,TB,1,0,2009121309
2009-12-13,02:23,SD,DAL,1,0,2009121312
2009-12-13,03:57,CIN,MIN,1,0,2009121307
2009-12-13,05:25,DET,BAL,1,0,2009121301
2009-12-13,05:40,WAS,OAK,1,0,2009121311
2009-12-13,06:33,WAS,OAK,1,0,2009121311
2009-12-13,07:16,BUF,KC,1,0,2009121306
2009-12-13,07:35,CAR,NE,1,0,2009121308
2009-12-13,08:31,CIN,MIN,1,0,2009121307
2009-12-13,09:46,STL,TEN,1,0,2009121310
2009-12-13,10:58,CIN,MIN,1,0,2009121307
2009-12-13,11:02,CAR,NE,1,0,2009121308
2009-12-13,11:37,MIA,JAC,1,0,2009121305
2009-12-13,11:54,BUF,KC,1,0,2009121306
2009-12-13,11:56,WAS,OAK,1,0,2009121311
2009-12-13,13:10,DET,BAL,1,0,2009121301
2009-12-13,13:23,BUF,KC,1,0,2009121306
2009-12-13,11:45,CIN,MIN,1,1,2009121307
2009-12-13,09:30,MIA,JAC,1,2,2009121305
2009-12-13,09:48,GB,CHI,1,2,2009121302
2009-12-13,01:07,MIA,JAC,1,3,2009121305
2009-12-13,08:01,SEA,HOU,1,4,2009121303
2009-12-13,05:02,CAR,NE,1,8,2009121308
2009-12-13,05:31,STL,TEN,1,8,2009121310
2009-12-13,11:24,NYJ,TB,1,8,2009121309
2009-12-13,11:47,STL,TEN,1,8,2009121310
2009-12-13,09:54,WAS,OAK,1,9,2009121311
2009-12-13,13:36,GB,CHI,1,11,2009121302
2009-12-13,04:04,DET,BAL,1,12,2009121301
2009-12-13,07:40,DEN,IND,1,12,2009121304
2009-12-13,14:06,CAR,NE,1,13,2009121308
2009-12-13,03:19,NYJ,TB,1,21,2009121309
2009-12-13,13:41,SEA,HOU,1,22,2009121303
2009-12-13,00:13,SD,DAL,2,0,2009121312
2009-12-13,01:51,DEN,IND,2,0,2009121304
2009-12-13,01:56,WAS,OAK,2,0,2009121311
2009-12-13,05:21,NYJ,TB,2,0,2009121309
2009-12-13,05:38,BUF,KC,2,0,2009121306
2009-12-13,05:38,WAS,OAK,2,0,2009121311
2009-12-13,07:41,CAR,NE,2,0,2009121308
2009-12-13,08:18,GB,CHI,2,0,2009121302
2009-12-13,10:13,SEA,HOU,2,0,2009121303
2009-12-13,10:19,STL,TEN,2,0,2009121310
2009-12-13,10:51,NYJ,TB,2,0,2009121309
2009-12-13,11:14,CAR,NE,2,0,2009121308
2009-12-13,12:13,NYJ,TB,2,0,2009121309
2009-12-13,12:27,STL,TEN,2,0,2009121310
2009-12-13,13:23,DET,BAL,2,0,2009121301
2009-12-13,08:32,CAR,NE,2,5,2009121308
2009-12-13,12:07,GB,CHI,2,5,2009121302
2009-12-13,13:13,DEN,IND,2,7,2009121304
2009-12-13,04:27,WAS,OAK,2,9,2009121311
2009-12-13,08:26,STL,TEN,2,9,2009121310
2009-12-13,15:00,NYJ,TB,2,9,2009121309
2009-12-13,00:34,MIA,JAC,2,10,2009121305
2009-12-13,12:45,CAR,NE,2,17,2009121308
2009-12-13,11:43,CIN,MIN,2,18,2009121307
2009-12-13,01:23,NYJ,TB,2,19,2009121309
2009-12-13,07:37,NO,ATL,2,23,2009121300
2009-12-13,04:27,PHI,NYG,2,72,2009121313
2009-12-13,11:41,SEA,HOU,3,-5,2009121303
2009-12-13,00:27,GB,CHI,3,-3,2009121302
2009-12-13,00:08,BUF,KC,3,0,2009121306
2009-12-13,01:24,GB,CHI,3,0,2009121302
2009-12-13,01:54,MIA,JAC,3,0,2009121305
2009-12-13,02:30,WAS,OAK,3,0,2009121311
2009-12-13,03:13,NYJ,TB,3,0,2009121309
2009-12-13,03:16,DET,BAL,3,0,2009121301
2009-12-13,03:26,NO,ATL,3,0,2009121300
2009-12-13,03:42,DEN,IND,3,0,2009121304
2009-12-13,03:51,CIN,MIN,3,0,2009121307
2009-12-13,06:12,GB,CHI,3,0,2009121302
2009-12-13,07:22,SD,DAL,3,0,2009121312
2009-12-13,08:35,CAR,NE,3,0,2009121308
2009-12-13,09:19,BUF,KC,3,0,2009121306
2009-12-13,09:19,DEN,IND,3,0,2009121304
2009-12-13,10:43,SD,DAL,3,0,2009121312
2009-12-13,10:50,STL,TEN,3,0,2009121310
2009-12-13,12:21,NYJ,TB,3,0,2009121309
2009-12-13,12:38,SEA,HOU,3,0,2009121303
2009-12-13,12:48,BUF,KC,3,0,2009121306
2009-12-13,13:48,DEN,IND,3,0,2009121304
2009-12-13,12:55,DEN,IND,3,5,2009121304
2009-12-13,12:52,STL,TEN,3,6,2009121310
2009-12-13,01:27,PHI,NYG,3,7,2009121313
2009-12-13,02:46,MIA,JAC,3,7,2009121305
2009-12-13,13:24,NYJ,TB,3,9,2009121309
2009-12-13,04:02,SEA,HOU,3,10,2009121303
2009-12-13,13:51,WAS,OAK,3,10,2009121311
2009-12-13,13:50,MIA,JAC,3,11,2009121305
2009-12-13,06:44,PHI,NYG,3,12,2009121313
2009-12-13,09:41,SD,DAL,3,14,2009121312
2009-12-13,04:56,CIN,MIN,3,15,2009121307
2009-12-13,07:35,DET,BAL,3,19,2009121301
2009-12-13,07:36,WAS,OAK,3,19,2009121311
2009-12-13,02:56,PHI,NYG,3,20,2009121313
2009-12-13,10:04,SEA,HOU,3,20,2009121303
2009-12-13,00:03,STL,TEN,3,51,2009121310
2009-12-13,14:37,DEN,IND,4,-2,2009121304
2009-12-13,00:24,MIA,JAC,4,0,2009121305
2009-12-13,00:36,PHI,NYG,4,0,2009121313
2009-12-13,01:06,SEA,HOU,4,0,2009121303
2009-12-13,01:07,BUF,KC,4,0,2009121306
2009-12-13,02:23,STL,TEN,4,0,2009121310
2009-12-13,03:39,MIA,JAC,4,0,2009121305
2009-12-13,04:13,GB,CHI,4,0,2009121302
2009-12-13,04:53,SEA,HOU,4,0,2009121303
2009-12-13,04:54,NYJ,TB,4,0,2009121309
2009-12-13,06:30,MIA,JAC,4,0,2009121305
2009-12-13,07:54,WAS,OAK,4,0,2009121311
2009-12-13,09:47,DET,BAL,4,0,2009121301
2009-12-13,09:48,GB,CHI,4,0,2009121302
2009-12-13,13:23,BUF,KC,4,0,2009121306
2009-12-13,13:24,PHI,NYG,4,0,2009121313
2009-12-13,13:43,MIA,JAC,4,0,2009121305
2009-12-13,02:19,GB,CHI,4,2,2009121302
2009-12-13,06:03,CAR,NE,4,4,2009121308
2009-12-13,09:23,SD,DAL,4,4,2009121312
2009-12-13,08:18,SEA,HOU,4,5,2009121303
2009-12-13,11:41,CIN,MIN,4,6,2009121307
2009-12-13,02:40,CIN,MIN,4,7,2009121307
2009-12-13,02:34,NYJ,TB,4,12,2009121309
2009-12-13,11:44,MIA,JAC,4,12,2009121305
2009-12-13,09:51,CIN,MIN,4,19,2009121307
2009-12-14,04:54,ARI,SF,1,0,2009121400
2009-12-14,08:08,ARI,SF,1,0,2009121400
2009-12-14,10:04,ARI,SF,2,-1,2009121400
2009-12-14,08:25,ARI,SF,2,6,2009121400
2009-12-14,08:06,ARI,SF,3,-2,2009121400
2009-12-14,10:07,ARI,SF,3,3,2009121400
2009-12-14,02:50,ARI,SF,4,0,2009121400
2009-12-14,07:50,ARI,SF,4,0,2009121400
2009-12-14,11:52,ARI,SF,4,0,2009121400
2009-12-17,12:28,IND,JAC,4,0,2009121700
2009-12-17,14:53,IND,JAC,4,0,2009121700
2009-12-17,02:42,IND,JAC,4,4,2009121700
2009-12-17,06:17,IND,JAC,4,4,2009121700
2009-12-17,07:45,IND,JAC,4,6,2009121700
2009-12-17,02:16,IND,JAC,4,11,2009121700
2009-12-19,03:22,DAL,NO,1,0,2009121900
2009-12-19,13:10,DAL,NO,1,7,2009121900
2009-12-19,09:59,DAL,NO,1,28,2009121900
2009-12-19,01:30,DAL,NO,2,0,2009121900
2009-12-19,12:14,DAL,NO,2,0,2009121900
2009-12-19,04:06,DAL,NO,2,4,2009121900
2009-12-19,00:46,DAL,NO,3,0,2009121900
2009-12-19,06:13,DAL,NO,3,0,2009121900
2009-12-19,11:32,DAL,NO,4,0,2009121900
2009-12-20,08:38,SF,PHI,1,-3,2009122005
2009-12-20,11:11,ARI,DET,1,-1,2009122002
2009-12-20,00:35,HOU,STL,1,0,2009122007
2009-12-20,00:44,OAK,DEN,1,0,2009122009
2009-12-20,00:53,NE,BUF,1,0,2009122001
2009-12-20,01:14,GB,PIT,1,0,2009122006
2009-12-20,02:08,CIN,SD,1,0,2009122010
2009-12-20,02:20,MIA,TEN,1,0,2009122008
2009-12-20,03:04,ARI,DET,1,0,2009122002
2009-12-20,03:09,ATL,NYJ,1,0,2009122004
2009-12-20,03:36,SF,PHI,1,0,2009122005
2009-12-20,07:05,MIN,CAR,1,0,2009122012
2009-12-20,07:31,ARI,DET,1,0,2009122002
2009-12-20,07:57,TB,SEA,1,0,2009122011
2009-12-20,10:46,MIN,CAR,1,0,2009122012
2009-12-20,11:35,GB,PIT,1,0,2009122006
2009-12-20,13:11,GB,PIT,1,0,2009122006
2009-12-20,13:42,MIN,CAR,1,0,2009122012
2009-12-20,05:59,SF,PHI,1,2,2009122005
2009-12-20,01:12,ATL,NYJ,1,3,2009122004
2009-12-20,02:12,CLE,KC,1,4,2009122003
2009-12-20,12:12,ARI,DET,1,5,2009122002
2009-12-20,04:56,ATL,NYJ,1,8,2009122004
2009-12-20,12:21,ATL,NYJ,1,8,2009122004
2009-12-20,02:53,GB,PIT,1,9,2009122006
2009-12-20,03:24,MIA,TEN,1,11,2009122008
2009-12-20,09:31,MIN,CAR,1,11,2009122012
2009-12-20,13:05,TB,SEA,1,12,2009122011
2009-12-20,14:39,GB,PIT,1,12,2009122006
2009-12-20,13:34,OAK,DEN,1,13,2009122009
2009-12-20,02:50,OAK,DEN,1,14,2009122009
2009-12-20,05:39,MIN,CAR,1,34,2009122012
2009-12-20,00:10,OAK,DEN,2,0,2009122009
2009-12-20,00:18,CHI,BAL,2,0,2009122000
2009-12-20,00:34,CLE,KC,2,0,2009122003
2009-12-20,02:17,SF,PHI,2,0,2009122005
2009-12-20,02:58,TB,SEA,2,0,2009122011
2009-12-20,03:18,ATL,NYJ,2,0,2009122004
2009-12-20,06:54,CLE,KC,2,0,2009122003
2009-12-20,07:38,NE,BUF,2,0,2009122001
2009-12-20,08:51,TB,SEA,2,0,2009122011
2009-12-20,08:55,GB,PIT,2,0,2009122006
2009-12-20,14:57,ATL,NYJ,2,0,2009122004
2009-12-20,02:11,ARI,DET,2,1,2009122002
2009-12-20,01:30,CHI,BAL,2,3,2009122000
2009-12-20,06:19,ATL,NYJ,2,3,2009122004
2009-12-20,08:12,MIN,CAR,2,6,2009122012
2009-12-20,05:31,OAK,DEN,2,7,2009122009
2009-12-20,09:14,MIN,CAR,2,7,2009122012
2009-12-20,08:33,CIN,SD,2,9,2009122010
2009-12-20,09:52,NE,BUF,2,11,2009122001
2009-12-20,14:01,ATL,NYJ,2,11,2009122004
2009-12-20,07:08,GB,PIT,2,12,2009122006
2009-12-20,10:40,TB,SEA,2,12,2009122011
2009-12-20,12:24,HOU,STL,2,12,2009122007
2009-12-20,10:37,GB,PIT,2,13,2009122006
2009-12-20,11:18,OAK,DEN,2,15,2009122009
2009-12-20,06:01,CHI,BAL,2,49,2009122000
2009-12-20,04:38,CIN,SD,3,-4,2009122010
2009-12-20,11:00,GB,PIT,3,-2,2009122006
2009-12-20,08:59,ARI,DET,3,-1,2009122002
2009-12-20,00:11,SF,PHI,3,0,2009122005
2009-12-20,00:34,ATL,NYJ,3,0,2009122004
2009-12-20,01:33,ATL,NYJ,3,0,2009122004
2009-12-20,02:50,SF,PHI,3,0,2009122005
2009-12-20,03:38,CHI,BAL,3,0,2009122000
2009-12-20,03:58,MIN,CAR,3,0,2009122012
2009-12-20,04:18,ATL,NYJ,3,0,2009122004
2009-12-20,07:02,ATL,NYJ,3,0,2009122004
2009-12-20,07:18,CLE,KC,3,0,2009122003
2009-12-20,07:21,CIN,SD,3,0,2009122010
2009-12-20,08:02,ARI,DET,3,0,2009122002
2009-12-20,08:05,MIA,TEN,3,0,2009122008
2009-12-20,08:55,CIN,SD,3,0,2009122010
2009-12-20,09:17,ATL,NYJ,3,0,2009122004
2009-12-20,10:02,MIN,CAR,3,0,2009122012
2009-12-20,11:06,CIN,SD,3,0,2009122010
2009-12-20,11:30,MIN,CAR,3,0,2009122012
2009-12-20,11:49,ARI,DET,3,0,2009122002
2009-12-20,11:57,NE,BUF,3,0,2009122001
2009-12-20,12:33,GB,PIT,3,0,2009122006
2009-12-20,13:37,HOU,STL,3,0,2009122007
2009-12-20,14:00,NE,BUF,3,0,2009122001
2009-12-20,14:03,MIN,CAR,3,0,2009122012
2009-12-20,05:31,CLE,KC,3,2,2009122003
2009-12-20,03:42,MIA,TEN,3,4,2009122008
2009-12-20,07:04,CHI,BAL,3,4,2009122000
2009-12-20,14:11,CLE,KC,3,6,2009122003
2009-12-20,02:34,MIN,CAR,3,7,2009122012
2009-12-20,05:33,ARI,DET,3,7,2009122002
2009-12-20,08:35,MIN,CAR,3,7,2009122012
2009-12-20,10:02,CIN,SD,3,7,2009122010
2009-12-20,12:06,MIA,TEN,3,12,2009122008
2009-12-20,12:07,CLE,KC,3,12,2009122003
2009-12-20,09:19,CLE,KC,3,16,2009122003
2009-12-20,00:25,TB,SEA,3,17,2009122011
2009-12-20,03:48,ARI,DET,3,18,2009122002
2009-12-20,02:10,CHI,BAL,3,21,2009122000
2009-12-20,07:26,TB,SEA,3,33,2009122011
2009-12-20,14:56,CIN,SD,4,-1,2009122010
2009-12-20,01:08,MIA,TEN,4,0,2009122008
2009-12-20,02:39,HOU,STL,4,0,2009122007
2009-12-20,03:29,TB,SEA,4,0,2009122011
2009-12-20,04:44,MIA,TEN,4,0,2009122008
2009-12-20,07:27,CIN,SD,4,0,2009122010
2009-12-20,07:45,SF,PHI,4,0,2009122005
2009-12-20,08:19,HOU,STL,4,0,2009122007
2009-12-20,10:01,NE,BUF,4,0,2009122001
2009-12-20,11:08,CHI,BAL,4,0,2009122000
2009-12-20,11:21,ARI,DET,4,0,2009122002
2009-12-20,12:24,MIA,TEN,4,0,2009122008
2009-12-20,12:26,MIN,CAR,4,0,2009122012
2009-12-20,13:24,NE,BUF,4,0,2009122001
2009-12-20,13:36,HOU,STL,4,0,2009122007
2009-12-20,14:51,NE,BUF,4,0,2009122001
2009-12-20,15:00,CHI,BAL,4,0,2009122000
2009-12-20,08:17,MIN,CAR,4,1,2009122012
2009-12-20,12:41,CHI,BAL,4,1,2009122000
2009-12-20,13:35,CHI,BAL,4,3,2009122000
2009-12-20,10:54,SF,PHI,4,6,2009122005
2009-12-20,11:40,NE,BUF,4,6,2009122001
2009-12-20,04:05,OAK,DEN,4,7,2009122009
2009-12-20,05:10,CHI,BAL,4,9,2009122000
2009-12-20,08:12,ARI,DET,4,10,2009122002
2009-12-20,09:51,OAK,DEN,4,11,2009122009
2009-12-20,03:41,OAK,DEN,4,12,2009122009
2009-12-20,13:22,OAK,DEN,4,14,2009122009
2009-12-20,07:34,CHI,BAL,4,17,2009122000
2009-12-20,03:48,NE,BUF,4,20,2009122001
2009-12-21,04:26,NYG,WAS,1,9,2009122100
2009-12-21,02:03,NYG,WAS,2,0,2009122100
2009-12-21,06:52,NYG,WAS,2,0,2009122100
2009-12-21,01:10,NYG,WAS,2,1,2009122100
2009-12-21,12:58,NYG,WAS,2,15,2009122100
2009-12-21,06:33,NYG,WAS,4,5,2009122100
2009-12-25,11:48,SD,TEN,1,0,2009122500
2009-12-25,13:35,SD,TEN,3,0,2009122500
2009-12-25,08:33,SD,TEN,3,6,2009122500
2009-12-25,11:59,SD,TEN,4,0,2009122500
2009-12-27,00:03,STL,ARI,1,0,2009122710
2009-12-27,00:12,BAL,PIT,1,0,2009122709
2009-12-27,01:41,NYJ,IND,1,0,2009122712
2009-12-27,02:43,DEN,PHI,1,0,2009122708
2009-12-27,02:46,SEA,GB,1,0,2009122703
2009-12-27,03:09,KC,CIN,1,0,2009122701
2009-12-27,03:28,DET,SF,1,0,2009122711
2009-12-27,03:50,SEA,GB,1,0,2009122703
2009-12-27,04:29,STL,ARI,1,0,2009122710
2009-12-27,05:07,BUF,ATL,1,0,2009122700
2009-12-27,05:17,SEA,GB,1,0,2009122703
2009-12-27,07:01,KC,CIN,1,0,2009122701
2009-12-27,07:02,DAL,WAS,1,0,2009122713
2009-12-27,07:24,DEN,PHI,1,0,2009122708
2009-12-27,07:38,HOU,MIA,1,0,2009122704
2009-12-27,07:49,BUF,ATL,1,0,2009122700
2009-12-27,10:25,STL,ARI,1,0,2009122710
2009-12-27,11:15,BAL,PIT,1,0,2009122709
2009-12-27,12:01,KC,CIN,1,0,2009122701
2009-12-27,12:12,NYJ,IND,1,0,2009122712
2009-12-27,13:28,SEA,GB,1,0,2009122703
2009-12-27,14:15,DEN,PHI,1,0,2009122708
2009-12-27,01:07,OAK,CLE,1,2,2009122702
2009-12-27,00:06,OAK,CLE,1,3,2009122702
2009-12-27,11:23,BUF,ATL,1,4,2009122700
2009-12-27,11:19,STL,ARI,1,5,2009122710
2009-12-27,11:27,NYJ,IND,1,7,2009122712
2009-12-27,00:48,HOU,MIA,1,9,2009122704
2009-12-27,05:01,DET,SF,1,9,2009122711
2009-12-27,04:48,KC,CIN,1,10,2009122701
2009-12-27,05:35,DAL,WAS,1,14,2009122713
2009-12-27,11:25,TB,NO,1,14,2009122707
2009-12-27,12:43,OAK,CLE,1,14,2009122702
2009-12-27,13:08,BUF,ATL,1,17,2009122700
2009-12-27,02:00,DAL,WAS,2,-4,2009122713
2009-12-27,00:10,JAC,NE,2,0,2009122706
2009-12-27,00:45,CAR,NYG,2,0,2009122705
2009-12-27,00:45,NYJ,IND,2,0,2009122712
2009-12-27,01:46,OAK,CLE,2,0,2009122702
2009-12-27,01:49,BUF,ATL,2,0,2009122700
2009-12-27,02:10,BAL,PIT,2,0,2009122709
2009-12-27,02:20,TB,NO,2,0,2009122707
2009-12-27,04:46,SEA,GB,2,0,2009122703
2009-12-27,04:57,DET,SF,2,0,2009122711
2009-12-27,06:14,DAL,WAS,2,0,2009122713
2009-12-27,06:18,BAL,PIT,2,0,2009122709
2009-12-27,06:31,NYJ,IND,2,0,2009122712
2009-12-27,06:53,DET,SF,2,0,2009122711
2009-12-27,07:45,OAK,CLE,2,0,2009122702
2009-12-27,08:16,JAC,NE,2,0,2009122706
2009-12-27,09:38,CAR,NYG,2,0,2009122705
2009-12-27,10:13,BUF,ATL,2,0,2009122700
2009-12-27,10:17,JAC,NE,2,0,2009122706
2009-12-27,10:27,HOU,MIA,2,0,2009122704
2009-12-27,10:27,DAL,WAS,2,0,2009122713
2009-12-27,11:10,KC,CIN,2,0,2009122701
2009-12-27,11:11,SEA,GB,2,0,2009122703
2009-12-27,11:15,JAC,NE,2,0,2009122706
2009-12-27,11:58,TB,NO,2,0,2009122707
2009-12-27,12:03,DAL,WAS,2,0,2009122713
2009-12-27,13:09,KC,CIN,2,0,2009122701
2009-12-27,13:36,OAK,CLE,2,0,2009122702
2009-12-27,13:54,CAR,NYG,2,0,2009122705
2009-12-27,15:00,DAL,WAS,2,0,2009122713
2009-12-27,09:47,NYJ,IND,2,1,2009122712
2009-12-27,01:54,TB,NO,2,3,2009122707
2009-12-27,04:46,STL,ARI,2,4,2009122710
2009-12-27,07:56,KC,CIN,2,4,2009122701
2009-12-27,07:07,DEN,PHI,2,7,2009122708
2009-12-27,10:30,STL,ARI,2,8,2009122710
2009-12-27,03:00,JAC,NE,2,9,2009122706
2009-12-27,01:27,CAR,NYG,2,11,2009122705
2009-12-27,06:18,BUF,ATL,2,11,2009122700
2009-12-27,15:00,KC,CIN,2,12,2009122701
2009-12-27,12:18,BUF,ATL,2,13,2009122700
2009-12-27,01:47,NYJ,IND,3,0,2009122712
2009-12-27,02:26,KC,CIN,3,0,2009122701
2009-12-27,02:30,STL,ARI,3,0,2009122710
2009-12-27,02:34,TB,NO,3,0,2009122707
2009-12-27,03:23,HOU,MIA,3,0,2009122704
2009-12-27,05:21,DET,SF,3,0,2009122711
2009-12-27,05:44,NYJ,IND,3,0,2009122712
2009-12-27,05:58,KC,CIN,3,0,2009122701
2009-12-27,07:05,DAL,WAS,3,0,2009122713
2009-12-27,09:24,OAK,CLE,3,0,2009122702
2009-12-27,10:54,DET,SF,3,0,2009122711
2009-12-27,11:51,TB,NO,3,0,2009122707
2009-12-27,12:31,BUF,ATL,3,0,2009122700
2009-12-27,13:34,DET,SF,3,0,2009122711
2009-12-27,02:55,OAK,CLE,3,4,2009122702
2009-12-27,04:07,DEN,PHI,3,11,2009122708
2009-12-27,00:38,NYJ,IND,3,14,2009122712
2009-12-27,03:55,NYJ,IND,3,14,2009122712
2009-12-27,04:21,BAL,PIT,3,14,2009122709
2009-12-27,11:03,BUF,ATL,3,18,2009122700
2009-12-27,00:28,STL,ARI,3,20,2009122710
2009-12-27,09:47,STL,ARI,3,34,2009122710
2009-12-27,05:22,HOU,MIA,4,-2,2009122704
2009-12-27,00:08,KC,CIN,4,0,2009122701
2009-12-27,01:15,OAK,CLE,4,0,2009122702
2009-12-27,03:07,DEN,PHI,4,0,2009122708
2009-12-27,03:10,CAR,NYG,4,0,2009122705
2009-12-27,04:05,OAK,CLE,4,0,2009122702
2009-12-27,04:05,STL,ARI,4,0,2009122710
2009-12-27,04:52,HOU,MIA,4,0,2009122704
2009-12-27,06:04,DAL,WAS,4,0,2009122713
2009-12-27,06:27,HOU,MIA,4,0,2009122704
2009-12-27,06:40,DET,SF,4,0,2009122711
2009-12-27,09:10,SEA,GB,4,0,2009122703
2009-12-27,09:32,KC,CIN,4,0,2009122701
2009-12-27,09:55,DEN,PHI,4,0,2009122708
2009-12-27,10:58,DEN,PHI,4,0,2009122708
2009-12-27,11:16,DET,SF,4,0,2009122711
2009-12-27,12:01,NYJ,IND,4,0,2009122712
2009-12-27,12:11,KC,CIN,4,0,2009122701
2009-12-27,13:05,DEN,PHI,4,0,2009122708
2009-12-27,14:04,BAL,PIT,4,0,2009122709
2009-12-27,15:00,HOU,MIA,4,0,2009122704
2009-12-27,15:00,OAK,CLE,4,0,2009122702
2009-12-27,03:01,DET,SF,4,1,2009122711
2009-12-27,14:48,DAL,WAS,4,2,2009122713
2009-12-27,12:08,DEN,PHI,4,3,2009122708
2009-12-27,04:09,DAL,WAS,4,5,2009122713
2009-12-27,11:52,BUF,ATL,4,6,2009122700
2009-12-27,12:12,HOU,MIA,4,8,2009122704
2009-12-27,01:50,DEN,PHI,4,10,2009122708
2009-12-27,08:50,DET,SF,4,10,2009122711
2009-12-27,11:14,BAL,PIT,4,10,2009122709
2009-12-27,09:15,BAL,PIT,4,17,2009122709
2009-12-27,02:37,SEA,GB,4,20,2009122703
2009-12-27,15:00,DEN,PHI,4,21,2009122708
2009-12-27,12:37,STL,ARI,4,25,2009122710
2009-12-27,02:41,TB,NO,4,77,2009122707
2009-12-28,12:06,MIN,CHI,1,0,2009122800
2009-12-28,14:09,MIN,CHI,1,0,2009122800
2009-12-28,01:56,MIN,CHI,2,0,2009122800
2009-12-28,03:27,MIN,CHI,2,0,2009122800
2009-12-28,04:55,MIN,CHI,2,0,2009122800
2009-12-28,09:14,MIN,CHI,2,0,2009122800
2009-12-28,10:13,MIN,CHI,3,0,2009122800
2009-12-28,13:05,MIN,CHI,3,6,2009122800
2009-12-28,10:02,MIN,CHI,4,0,2009122800
2009-12-28,11:19,MIN,CHI,5,0,2009122800
2009-12-28,10:22,MIN,CHI,5,3,2009122800
2010-01-03,10:29,WAS,SD,1,-1,2010010314
2010-01-03,13:06,IND,BUF,1,-1,2010010300
2010-01-03,00:23,JAC,CLE,1,0,2010010302
2010-01-03,00:29,NO,CAR,1,0,2010010301
2010-01-03,00:58,SF,STL,1,0,2010010309
2010-01-03,01:45,WAS,SD,1,0,2010010314
2010-01-03,01:56,NO,CAR,1,0,2010010301
2010-01-03,02:19,TEN,SEA,1,0,2010010315
2010-01-03,02:36,IND,BUF,1,0,2010010300
2010-01-03,02:56,ATL,TB,1,0,2010010310
2010-01-03,04:13,CHI,DET,1,0,2010010304
2010-01-03,04:44,NO,CAR,1,0,2010010301
2010-01-03,04:46,NYG,MIN,1,0,2010010307
2010-01-03,05:29,JAC,CLE,1,0,2010010302
2010-01-03,05:37,CHI,DET,1,0,2010010304
2010-01-03,05:43,NE,HOU,1,0,2010010305
2010-01-03,05:45,KC,DEN,1,0,2010010312
2010-01-03,06:20,ATL,TB,1,0,2010010310
2010-01-03,06:38,SF,STL,1,0,2010010309
2010-01-03,07:17,NE,HOU,1,0,2010010305
2010-01-03,08:03,KC,DEN,1,0,2010010312
2010-01-03,08:10,CHI,DET,1,0,2010010304
2010-01-03,08:13,NYG,MIN,1,0,2010010307
2010-01-03,08:35,ATL,TB,1,0,2010010310
2010-01-03,09:07,BAL,OAK,1,0,2010010313
2010-01-03,09:11,PHI,DAL,1,0,2010010303
2010-01-03,09:13,NO,CAR,1,0,2010010301
2010-01-03,10:02,NYG,MIN,1,0,2010010307
2010-01-03,11:03,BAL,OAK,1,0,2010010313
2010-01-03,11:25,ATL,TB,1,0,2010010310
2010-01-03,11:44,SF,STL,1,0,2010010309
2010-01-03,12:38,NO,CAR,1,0,2010010301
2010-01-03,13:20,KC,DEN,1,0,2010010312
2010-01-03,06:10,GB,ARI,1,3,2010010311
2010-01-03,02:29,SF,STL,1,5,2010010309
2010-01-03,07:16,BAL,OAK,1,6,2010010313
2010-01-03,07:42,JAC,CLE,1,6,2010010302
2010-01-03,06:41,KC,DEN,1,8,2010010312
2010-01-03,01:26,ATL,TB,1,10,2010010310
2010-01-03,04:38,SF,STL,1,10,2010010309
2010-01-03,03:55,TEN,SEA,1,11,2010010315
2010-01-03,09:51,CIN,NYJ,1,11,2010010308
2010-01-03,00:56,GB,ARI,1,13,2010010311
2010-01-03,06:52,TEN,SEA,1,13,2010010315
2010-01-03,03:04,NO,CAR,1,21,2010010301
2010-01-03,14:24,IND,BUF,2,-1,2010010300
2010-01-03,00:41,PIT,MIA,2,0,2010010306
2010-01-03,01:52,NO,CAR,2,0,2010010301
2010-01-03,02:59,WAS,SD,2,0,2010010314
2010-01-03,03:15,ATL,TB,2,0,2010010310
2010-01-03,03:59,TEN,SEA,2,0,2010010315
2010-01-03,04:37,BAL,OAK,2,0,2010010313
2010-01-03,05:10,NO,CAR,2,0,2010010301
2010-01-03,07:21,JAC,CLE,2,0,2010010302
2010-01-03,07:29,ATL,TB,2,0,2010010310
2010-01-03,07:59,SF,STL,2,0,2010010309
2010-01-03,08:07,TEN,SEA,2,0,2010010315
2010-01-03,09:14,CHI,DET,2,0,2010010304
2010-01-03,09:16,BAL,OAK,2,0,2010010313
2010-01-03,09:22,IND,BUF,2,0,2010010300
2010-01-03,10:17,KC,DEN,2,0,2010010312
2010-01-03,10:34,CIN,NYJ,2,0,2010010308
2010-01-03,11:00,JAC,CLE,2,0,2010010302
2010-01-03,11:42,KC,DEN,2,0,2010010312
2010-01-03,12:22,CIN,NYJ,2,0,2010010308
2010-01-03,12:44,PHI,DAL,2,0,2010010303
2010-01-03,12:54,NYG,MIN,2,0,2010010307
2010-01-03,13:29,SF,STL,2,0,2010010309
2010-01-03,14:07,ATL,TB,2,0,2010010310
2010-01-03,14:24,TEN,SEA,2,0,2010010315
2010-01-03,14:48,NE,HOU,2,0,2010010305
2010-01-03,14:56,SF,STL,2,0,2010010309
2010-01-03,13:35,GB,ARI,2,1,2010010311
2010-01-03,02:29,SF,STL,2,3,2010010309
2010-01-03,10:24,SF,STL,2,3,2010010309
2010-01-03,07:58,IND,BUF,2,5,2010010300
2010-01-03,08:54,CIN,NYJ,2,6,2010010308
2010-01-03,06:32,NYG,MIN,2,8,2010010307
2010-01-03,12:10,TEN,SEA,2,8,2010010315
2010-01-03,06:40,CHI,DET,2,10,2010010304
2010-01-03,02:42,NO,CAR,2,11,2010010301
2010-01-03,05:48,CIN,NYJ,2,11,2010010308
2010-01-03,00:08,SF,STL,3,0,2010010309
2010-01-03,00:16,WAS,SD,3,0,2010010314
2010-01-03,01:15,TEN,SEA,3,0,2010010315
2010-01-03,03:15,KC,DEN,3,0,2010010312
2010-01-03,04:16,WAS,SD,3,0,2010010314
2010-01-03,04:52,CIN,NYJ,3,0,2010010308
2010-01-03,05:45,IND,BUF,3,0,2010010300
2010-01-03,08:06,PHI,DAL,3,0,2010010303
2010-01-03,08:09,PIT,MIA,3,0,2010010306
2010-01-03,10:02,ATL,TB,3,0,2010010310
2010-01-03,10:33,PHI,DAL,3,0,2010010303
2010-01-03,11:16,PIT,MIA,3,0,2010010306
2010-01-03,11:18,NO,CAR,3,0,2010010301
2010-01-03,11:59,GB,ARI,3,0,2010010311
2010-01-03,13:01,NE,HOU,3,0,2010010305
2010-01-03,13:31,BAL,OAK,3,0,2010010313
2010-01-03,13:32,SF,STL,3,0,2010010309
2010-01-03,13:34,NYG,MIN,3,0,2010010307
2010-01-03,13:47,WAS,SD,3,0,2010010314
2010-01-03,14:10,ATL,TB,3,0,2010010310
2010-01-03,02:36,BAL,OAK,3,1,2010010313
2010-01-03,06:12,CHI,DET,3,1,2010010304
2010-01-03,07:22,WAS,SD,3,1,2010010314
2010-01-03,08:57,CHI,DET,3,1,2010010304
2010-01-03,03:32,PHI,DAL,3,4,2010010303
2010-01-03,09:13,PHI,DAL,3,4,2010010303
2010-01-03,14:10,NO,CAR,3,5,2010010301
2010-01-03,05:29,SF,STL,3,6,2010010309
2010-01-03,08:36,BAL,OAK,3,6,2010010313
2010-01-03,12:14,SF,STL,3,8,2010010309
2010-01-03,02:39,CIN,NYJ,3,10,2010010308
2010-01-03,07:01,SF,STL,3,10,2010010309
2010-01-03,03:09,JAC,CLE,3,12,2010010302
2010-01-03,04:51,NYG,MIN,3,15,2010010307
2010-01-03,06:46,PHI,DAL,3,16,2010010303
2010-01-03,03:27,SF,STL,3,18,2010010309
2010-01-03,13:00,PIT,MIA,3,19,2010010306
2010-01-03,01:54,PIT,MIA,3,22,2010010306
2010-01-03,10:12,BAL,OAK,3,27,2010010313
2010-01-03,10:31,NO,CAR,3,31,2010010301
2010-01-03,12:57,CIN,NYJ,3,31,2010010308
2010-01-03,13:11,WAS,SD,3,43,2010010314
2010-01-03,02:25,KC,DEN,4,-4,2010010312
2010-01-03,11:36,PHI,DAL,4,-3,2010010303
2010-01-03,01:56,SF,STL,4,0,2010010309
2010-01-03,03:02,BAL,OAK,4,0,2010010313
2010-01-03,04:34,IND,BUF,4,0,2010010300
2010-01-03,04:58,NYG,MIN,4,0,2010010307
2010-01-03,05:23,NO,CAR,4,0,2010010301
2010-01-03,06:28,SF,STL,4,0,2010010309
2010-01-03,06:59,CIN,NYJ,4,0,2010010308
2010-01-03,07:07,TEN,SEA,4,0,2010010315
2010-01-03,07:21,NYG,MIN,4,0,2010010307
2010-01-03,07:40,NO,CAR,4,0,2010010301
2010-01-03,08:08,KC,DEN,4,0,2010010312
2010-01-03,08:37,TEN,SEA,4,0,2010010315
2010-01-03,08:54,PHI,DAL,4,0,2010010303
2010-01-03,10:32,NO,CAR,4,0,2010010301
2010-01-03,12:38,NO,CAR,4,0,2010010301
2010-01-03,12:57,IND,BUF,4,0,2010010300
2010-01-03,13:08,GB,ARI,4,0,2010010311
2010-01-03,13:27,SF,STL,4,0,2010010309
2010-01-03,14:15,NO,CAR,4,0,2010010301
2010-01-03,14:56,CHI,DET,4,0,2010010304
2010-01-03,09:19,GB,ARI,4,3,2010010311
2010-01-03,09:49,IND,BUF,4,3,2010010300
2010-01-03,10:01,PIT,MIA,4,3,2010010306
2010-01-03,14:27,JAC,CLE,4,7,2010010302
2010-01-03,09:59,PHI,DAL,4,9,2010010303
2010-01-03,03:48,IND,BUF,4,11,2010010300
2010-01-03,11:21,IND,BUF,4,11,2010010300
2010-01-03,07:43,NE,HOU,4,31,2010010305
2010-01-03,02:30,CIN,NYJ,4,40,2010010308
2010-01-03,11:33,SF,STL,4,56,2010010309
